Sr_No.,Lawyer_name,Bar_Council_ID
1,Sameer Saxena,NB/AP/2020/99756
2,Rohit Chaudhary,NB/TR/2015/86968
3,Divya Chopra,NB/JK/2013/97889
4,Harish Reddy,NB/G/2014/37768
5,Anjali Saxena,NB/CG/2016/32836
6,Divya Thakur,NB/MN/2021/21328
7,Suresh Sethi,NB/OR/2015/74879
8,Abhishek Dubey,NB/BR/2012/92498
9,Dinesh Patel,NB/CG/2016/36743
10,Ritika Rajput,NB/DL/2023/97512
11,Aakash Pandey,NB/TR/2006/27786
12,Meera Pandey,NB/MN/2015/52227
13,Divya Patel,NB/JK/2012/17616
14,Amit Chaudhary,NB/JH/2015/72925
15,Divya Sharma,NB/UP/2014/76432
16,Shweta Pandey,NB/KL/2017/72681
17,Naveen Sharma,NB/MN/2013/87318
18,Kavita Patel,NB/WB/2012/31787
19,Jyoti Pandey,NB/KL/2016/28917
20,Rekha Chaudhary,NB/DL/2020/53158
21,Manoj Chaudhary,NB/TR/2014/79437
22,Shivani Menon,NB/JH/2016/19600
23,Pratik Mishra,NB/BR/2018/42533
24,Ritika Mishra,NB/MP/2019/98942
25,Kiran Verma,NB/AP/2023/89373
26,Rajesh Patel,NB/UK/2018/58023
27,Shivani Reddy,NB/MP/2019/93577
28,Renu Yadav,NB/KL/2009/65778
29,Meera Saxena,NB/BR/2020/24107
30,Priya Singh,NB/JK/2014/32628
31,Vikas Rao,NB/KAR/2017/17523
32,Arjun Mehta,NB/HP/2013/63542
33,Kavita Joshi,NB/WB/2014/97259
34,Kiran Gupta,NB/BR/2015/54924
35,Tanvi Lal,NB/OR/2009/48113
36,Dinesh Rajput,NB/JH/1999/29217
37,Shivani Pillai,NB/BR/2016/19618
38,Siddharth Verma,NB/OR/2014/87144
39,Amit Reddy,NB/TS/2009/29956
40,Neha Singh,NB/UK/2004/39595
41,Sneha Patel,NB/BR/2014/87314
42,Kunal Menon,NB/G/2013/48420
43,Siddhi Kaul,NB/MAH/2016/24880
44,Rohit Iyer,NB/TN/2000/17673
45,Shweta Das,NB/OR/2016/98302
46,Ajay Agarwal,NB/CG/2009/50549
47,Amit Mishra,NB/MG/2014/89033
48,Nikhil Bhat,NB/UP/2021/84514
49,Ravi Verma,NB/TS/2016/18752
50,Renu Iyer,NB/TS/2023/58588
51,Pooja Basu,NB/UP/2012/75321
52,Kavita Kadam,NB/DL/2016/62567
53,Siddhi Agarwal,NB/DL/2023/47462
54,Siddhi Joshi,NB/G/2022/62859
55,Bhavna Rao,NB/G/2013/74693
56,Abhishek Ghosh,NB/TS/2018/27773
57,Ravi Ghosh,NB/MP/2023/22322
58,Sanjay Pandey,NB/JH/2018/93162
59,Aakash Kadam,NB/TN/2021/48087
60,Sunita Basu,NB/G/2016/66024
61,Ajay Mishra,NB/UP/2017/63299
62,Ishaan Kaul,NB/KAR/2006/39296
63,Arjun Lal,NB/AP/2020/14374
64,Sneha Kulkarni,NB/HP/2022/56583
65,Vikas Singh,NB/TR/2012/47262
66,Asha Shetty,NB/TS/2012/36641
67,Simran Pillai,NB/DL/2019/91808
68,Anjali Kapoor,NB/KAR/2015/62883
69,Sanjay Gupta,NB/BCT/2018/31289
70,Shweta Nair,NB/DL/2015/45960
71,Tanvi Reddy,NB/KAR/2005/63153
72,Harish Shetty,NB/AP/2021/64402
73,Shweta Kaul,NB/CG/2016/76829
74,Arjun Das,NB/DL/2012/23962
75,Suresh Mehta,NB/BR/2016/46122
76,Rajesh Yadav,NB/CG/2003/87241
77,Rohit Patel,NB/TR/2010/62384
78,Divya Mehta,NB/TN/2022/91709
79,Siddhi Nair,NB/TR/2014/29067
80,Dinesh Shetty,NB/OR/2009/99086
81,Deepak Rao,NB/UK/2002/33054
82,Suman Bhat,NB/G/2017/55134
83,Kunal Menon,NB/BCT/2022/76642
84,Pooja Bhagat,NB/DL/2023/28534
85,Harish Mishra,NB/MAH/2002/29132
86,Anirudh Rao,NB/JH/2021/81959
87,Kavita Lal,NB/CG/2020/21639
88,Simran Mishra,NB/BR/2019/29848
89,Manoj Chopra,NB/DL/2013/51705
90,Shweta Rajput,NB/KL/2017/72408
91,Arjun Verma,NB/WB/2018/69743
92,Meera Kapoor,NB/G/2016/13234
93,Arjun Pillai,NB/MG/2019/79267
94,Rekha Rajput,NB/MG/2001/50503
95,Swati Dubey,NB/UP/2020/48838
96,Rekha Shetty,NB/UK/2014/11925
97,Shweta Kapoor,NB/UP/2014/49982
98,Kavita Shetty,NB/TS/2018/65227
99,Kavita Sethi,NB/RJ/2016/36981
100,Swati Kaul,NB/BCT/2016/95907
101,Sameer Agarwal,NB/TS/2013/28786
102,Ishaan Sethi,NB/KAR/2017/27805
103,Meera Nair,NB/JK/2015/44001
104,Jyoti Saxena,NB/BR/2019/91468
105,Siddharth Bhat,NB/TN/2018/73118
106,Sunita Kadam,NB/UP/2002/72652
107,Aakash Kulkarni,NB/DL/2015/13242
108,Suresh Kapoor,NB/HP/2017/91899
109,Amit Gupta,NB/TS/2000/84600
110,Rajesh Bhagat,NB/RJ/2016/51675
111,Sunita Reddy,NB/WB/2017/42354
112,Renu Agarwal,NB/TS/2023/51120
113,Abhishek Singh,NB/TR/2017/46205
114,Dinesh Dubey,NB/UP/2020/97327
115,Rajesh Saxena,NB/HP/2019/23973
116,Arjun Yadav,NB/TR/2016/68174
117,Suman Nair,NB/CG/2024/31033
118,Amit Iyer,NB/RJ/2022/81730
119,Sanjay Gupta,NB/TS/2018/13801
120,Rashmi Singh,NB/OR/2017/51212
121,Rajesh Saxena,NB/TR/2012/57040
122,Anjali Dubey,NB/BCT/2012/16277
123,Rashmi Chaudhary,NB/WB/2016/80395
124,Rashmi Nair,NB/KL/2009/56580
125,Swati Agarwal,NB/OR/2019/82187
126,Anand Bhat,NB/BCT/2022/63792
127,Sameer Shetty,NB/TR/2001/90763
128,Siddharth Sharma,NB/TS/2017/22451
129,Sanjay Das,NB/KAR/2009/75579
130,Anita Joshi,NB/KL/2024/96463
131,Anita Pandey,NB/OR/2013/96040
132,Sneha Gupta,NB/MAH/2015/65450
133,Ayesha Agarwal,NB/TN/2019/27358
134,Anirudh Singh,NB/CG/2009/85478
135,Sameer Bhagat,NB/OR/2016/58170
136,Kunal Khan,NB/G/2019/72219
137,Pooja Pandey,NB/JK/2004/61520
138,Divya Nair,NB/WB/2019/17456
139,Anjali Verma,NB/JK/2013/39790
140,Sanjay Sethi,NB/MP/2013/36870
141,Pooja Saxena,NB/TR/2015/34257
142,Sameer Nair,NB/G/2004/89127
143,Naveen Kapoor,NB/CG/2024/47657
144,Priya Basu,NB/TR/2016/85311
145,Amit Mehta,NB/G/2019/68192
146,Abhishek Nair,NB/UP/2015/65183
147,Anirudh Rajput,NB/MG/2019/31494
148,Anjali Khan,NB/UP/2012/55559
149,Deepak Sharma,NB/MAH/2016/28547
150,Ravi Das,NB/KAR/2022/51419
151,Arjun Pandey,NB/JK/2017/11597
152,Anirudh Lal,NB/OR/2014/26033
153,Aakash Singh,NB/MAH/2014/49270
154,Deepak Nair,NB/CG/2012/67700
155,Harish Kadam,NB/MP/2022/62211
156,Nikhil Agarwal,NB/DL/2010/65819
157,Priya Dubey,NB/MAH/2014/57267
158,Renu Singh,NB/MN/2009/72837
159,Ravi Joshi,NB/MAH/2014/99090
160,Bhavna Basu,NB/UK/2019/58960
161,Anjali Saxena,NB/G/2018/40771
162,Amit Chopra,NB/AP/2022/35982
163,Sanjay Rajput,NB/TR/2012/61539
164,Ajay Menon,NB/KL/2022/28538
165,Vishal Joshi,NB/G/2014/41568
166,Sanjay Sharma,NB/KAR/2011/23731
167,Anita Joshi,NB/KL/2015/12490
168,Tanvi Bhagat,NB/JK/2010/97355
169,Manoj Lal,NB/MP/2015/56454
170,Kiran Yadav,NB/TR/2021/77155
171,Anita Das,NB/TR/2015/56224
172,Kavita Mishra,NB/RJ/2012/54456
173,Anand Joshi,NB/BR/2021/40097
174,Arjun Chaudhary,NB/KAR/2013/16835
175,Arjun Saxena,NB/JH/2013/70655
176,Kiran Dubey,NB/UK/2013/35601
177,Anjali Gupta,NB/KAR/2018/61208
178,Divya Singh,NB/UK/2019/63530
179,Anita Kadam,NB/TR/2021/68523
180,Rekha Pandey,NB/KAR/2014/17031
181,Nikhil Saxena,NB/MP/2013/31026
182,Shivani Menon,NB/G/2019/82109
183,Simran Lal,NB/KAR/2011/58887
184,Meera Joshi,NB/UK/2023/88902
185,Renu Lal,NB/WB/2022/24096
186,Anirudh Rao,NB/HP/2015/48862
187,Rashmi Dubey,NB/UP/2002/53107
188,Bhavna Agarwal,NB/BCT/2014/69669
189,Shweta Lal,NB/JH/2017/52398
190,Divya Mehta,NB/TN/2013/72445
191,Vikram Bhat,NB/WB/2012/85349
192,Anupam Yadav,NB/OR/2019/37747
193,Vikram Saxena,NB/CG/2019/74752
194,Meera Chopra,NB/UK/2018/42209
195,Pooja Dubey,NB/RJ/2014/53724
196,Tanvi Joshi,NB/TS/2023/63278
197,Dinesh Iyer,NB/UK/2021/87741
198,Anand Pillai,NB/AP/2001/37164
199,Rekha Mishra,NB/KAR/2020/54788
200,Jyoti Khan,NB/BR/2012/78595
201,Sneha Chaudhary,NB/MN/2016/79662
202,Ishaan Khan,NB/BR/2013/92706
203,Rohit Kapoor,NB/JK/2012/97839
204,Shivani Chopra,NB/BR/2012/12028
205,Suresh Saxena,NB/RJ/2022/72075
206,Pratik Ghosh,NB/TS/2021/67659
207,Divya Thakur,NB/MN/2014/31182
208,Ravi Lal,NB/MN/2010/41165
209,Shivani Saxena,NB/BR/2013/54473
210,Ravi Bhat,NB/RJ/2014/94715
211,Swati Bhagat,NB/KAR/2016/61078
212,Rashmi Kapoor,NB/TR/2023/41086
213,Sanjay Pillai,NB/WB/2013/27046
214,Anita Sethi,NB/TR/2019/98846
215,Simran Khan,NB/UP/2014/26066
216,Sneha Joshi,NB/JK/2009/49252
217,Rekha Pandey,NB/HP/2001/46976
218,Asha Kulkarni,NB/OR/2019/69547
219,Kunal Khan,NB/BCT/2019/67796
220,Arjun Basu,NB/UK/2014/63846
221,Sameer Yadav,NB/TR/2015/87365
222,Sunita Bhat,NB/BR/2017/76181
223,Ishaan Khan,NB/JH/2018/98725
224,Pratik Mehta,NB/G/2016/87688
225,Sameer Chaudhary,NB/OR/2019/20562
226,Ayesha Das,NB/CG/2023/80116
227,Ayesha Agarwal,NB/G/2014/53507
228,Shivani Iyer,NB/JH/2019/58406
229,Anita Menon,NB/TS/2003/39541
230,Asha Mishra,NB/TN/2020/14943
231,Anita Yadav,NB/MN/2021/20243
232,Sanjay Dubey,NB/G/2017/81221
233,Pratik Yadav,NB/DL/2014/46858
234,Siddhi Mehta,NB/MG/2023/93219
235,Anjali Pillai,NB/TS/2011/66287
236,Abhishek Ghosh,NB/MG/2011/73244
237,Jyoti Nair,NB/DL/2022/80725
238,Kiran Das,NB/TN/1999/41933
239,Vishal Iyer,NB/WB/2018/30543
240,Vikas Khan,NB/HP/2023/64163
241,Abhishek Agarwal,NB/G/2020/86164
242,Anjali Pandey,NB/MG/2014/15147
243,Manoj Bhat,NB/KAR/2019/66186
244,Rashmi Kaul,NB/TS/2018/23378
245,Kiran Kadam,NB/WB/2012/35561
246,Shweta Agarwal,NB/OR/2020/70619
247,Abhishek Chaudhary,NB/MAH/2023/66624
248,Vishal Nair,NB/AP/2022/51989
249,Ravi Kapoor,NB/KAR/2020/85422
250,Nikhil Gupta,NB/MP/2010/66898
251,Kavita Verma,NB/BR/2012/54996
252,Renu Khan,NB/KAR/2017/48421
253,Sameer Lal,NB/UK/2016/22497
254,Ayesha Chaudhary,NB/DL/2017/51882
255,Pooja Nair,NB/JK/2014/97417
256,Harish Sharma,NB/KL/2018/11594
257,Swati Dubey,NB/TS/2011/51092
258,Asha Agarwal,NB/CG/2009/94071
259,Simran Gupta,NB/WB/2016/38027
260,Arjun Patel,NB/KL/2009/17476
261,Asha Lal,NB/TS/2014/35433
262,Bhavna Dubey,NB/KAR/2019/55783
263,Renu Sethi,NB/HP/2001/93226
264,Tanvi Mehta,NB/JK/2014/12022
265,Abhishek Mishra,NB/DL/2014/86121
266,Ayesha Saxena,NB/MP/2023/95102
267,Anirudh Sethi,NB/JK/2015/60616
268,Renu Kaul,NB/OR/2021/74098
269,Anita Khan,NB/BR/2014/22104
270,Anita Agarwal,NB/OR/2022/49178
271,Vishal Shetty,NB/OR/2014/49124
272,Kunal Kapoor,NB/TN/2014/49639
273,Vikas Khan,NB/DL/2016/20567
274,Pratik Kadam,NB/OR/2019/69665
275,Deepak Menon,NB/DL/2009/60229
276,Deepak Pillai,NB/MAH/2012/10148
277,Bhavna Pandey,NB/BCT/2013/99362
278,Vikram Verma,NB/G/2007/35547
279,Shivani Rao,NB/UK/2024/96141
280,Renu Agarwal,NB/OR/2013/57227
281,Tanvi Patel,NB/MP/2008/45539
282,Shweta Ghosh,NB/UK/2022/83160
283,Anita Dubey,NB/MP/2000/50930
284,Suman Pandey,NB/JH/2016/97294
285,Kunal Reddy,NB/OR/2019/89434
286,Rekha Rao,NB/AP/2019/70346
287,Naveen Agarwal,NB/TS/2012/15367
288,Vikram Chopra,NB/UP/2017/86045
289,Vikas Gupta,NB/JK/2016/10177
290,Sanjay Dubey,NB/TR/2016/49182
291,Kavita Mishra,NB/RJ/2014/73292
292,Kunal Nair,NB/MN/2012/60857
293,Rekha Thakur,NB/OR/2021/20812
294,Amit Rajput,NB/TS/2024/57595
295,Siddharth Joshi,NB/KL/2012/16238
296,Siddharth Pandey,NB/G/2020/89793
297,Nikhil Agarwal,NB/UP/2009/97344
298,Divya Sethi,NB/AP/2014/78616
299,Vishal Pillai,NB/DL/2018/71780
300,Anirudh Agarwal,NB/MAH/2022/19509
301,Jyoti Kaul,NB/WB/2020/45573
302,Harish Bhagat,NB/AP/2013/68364
303,Pooja Pillai,NB/TN/2020/65894
304,Sanjay Verma,NB/JH/2018/45385
305,Kunal Rajput,NB/JK/2017/14603
306,Dinesh Pillai,NB/G/2022/92529
307,Manoj Basu,NB/UK/2016/65778
308,Asha Bhagat,NB/BCT/2009/59362
309,Anita Joshi,NB/MAH/2019/40576
310,Anupam Menon,NB/HP/2014/53203
311,Sameer Patel,NB/UK/2021/86197
312,Vikram Chaudhary,NB/UK/2023/19360
313,Abhishek Thakur,NB/RJ/2023/97846
314,Amit Sethi,NB/MG/2019/82980
315,Manoj Bhagat,NB/AP/2019/58644
316,Nikhil Sethi,NB/UK/2007/58104
317,Divya Ghosh,NB/BCT/2018/41386
318,Pratik Bhagat,NB/WB/2014/79154
319,Rekha Kulkarni,NB/AP/2021/76087
320,Shivani Rajput,NB/UP/2016/67757
321,Rashmi Ghosh,NB/MAH/2012/22739
322,Anand Rajput,NB/CG/2006/91969
323,Deepak Saxena,NB/AP/2022/76108
324,Sunita Kulkarni,NB/TN/2015/71788
325,Shweta Shetty,NB/MN/2012/43286
326,Sanjay Kulkarni,NB/MG/2024/94173
327,Pooja Nair,NB/MP/2014/84145
328,Aakash Lal,NB/KL/2023/50734
329,Anita Iyer,NB/BCT/2018/19482
330,Suman Singh,NB/OR/2013/73875
331,Ritika Rao,NB/JH/2009/21782
332,Ajay Bhagat,NB/OR/2023/47507
333,Dinesh Iyer,NB/MG/2022/80866
334,Sameer Chaudhary,NB/KL/2014/38194
335,Naveen Bhat,NB/MG/2009/99627
336,Dinesh Rao,NB/TR/2022/36301
337,Kavita Yadav,NB/BR/2023/76380
338,Tanvi Kadam,NB/CG/2022/31293
339,Amit Mehta,NB/MG/2015/14763
340,Anjali Menon,NB/BR/2014/34269
341,Asha Rajput,NB/MG/2010/48406
342,Manoj Bhagat,NB/TS/2021/76747
343,Rekha Rao,NB/OR/2021/32853
344,Naveen Chaudhary,NB/UK/2009/30060
345,Siddhi Yadav,NB/OR/2012/88971
346,Anjali Yadav,NB/HP/2018/98370
347,Abhishek Shetty,NB/TR/2020/67999
348,Siddharth Mishra,NB/WB/2023/89765
349,Anand Pandey,NB/TR/2021/78850
350,Amit Kulkarni,NB/MG/2004/10435
351,Anjali Iyer,NB/AP/2014/50832
352,Deepak Pillai,NB/HP/2014/99618
353,Priya Pandey,NB/UK/2017/47131
354,Rajesh Kadam,NB/OR/2015/14724
355,Deepak Sethi,NB/UP/2013/79414
356,Pratik Bhat,NB/HP/2019/64185
357,Arjun Verma,NB/TR/2016/76544
358,Anand Pandey,NB/MN/2021/29120
359,Suman Reddy,NB/HP/2019/81042
360,Anita Das,NB/MN/2014/73337
361,Renu Khan,NB/TS/2019/90289
362,Rohit Gupta,NB/AP/2017/26699
363,Rajesh Pandey,NB/JH/2001/58578
364,Nikhil Gupta,NB/JK/2016/49602
365,Dinesh Lal,NB/BCT/2024/61776
366,Nikhil Reddy,NB/MAH/2019/98419
367,Nikhil Basu,NB/MN/2018/12841
368,Priya Singh,NB/TN/2014/72379
369,Kiran Dubey,NB/BR/2011/90993
370,Kiran Agarwal,NB/TR/2009/85255
371,Divya Bhagat,NB/OR/2010/34226
372,Pooja Verma,NB/RJ/2009/88788
373,Tanvi Mishra,NB/KL/2014/82261
374,Sneha Das,NB/DL/2015/51378
375,Suresh Pillai,NB/CG/2019/26163
376,Abhishek Chopra,NB/UK/2023/16939
377,Dinesh Singh,NB/KL/2023/48555
378,Ishaan Basu,NB/G/2021/39756
379,Bhavna Shetty,NB/TN/2019/31721
380,Ayesha Pandey,NB/BR/2015/87411
381,Sunita Das,NB/TN/2022/94440
382,Ayesha Singh,NB/UP/2006/20602
383,Divya Rajput,NB/UP/2022/69055
384,Vikram Kaul,NB/MG/2019/40714
385,Asha Lal,NB/JH/2019/86227
386,Ishaan Gupta,NB/JK/2014/57855
387,Sameer Joshi,NB/AP/2016/19838
388,Anjali Lal,NB/BR/2024/21189
389,Ajay Reddy,NB/HP/2004/38843
390,Kiran Pandey,NB/CG/2013/54610
391,Vikas Mishra,NB/KAR/2014/77445
392,Sneha Kapoor,NB/UK/2018/20655
393,Tanvi Sethi,NB/MAH/2017/23641
394,Anand Dubey,NB/BCT/2013/12862
395,Nikhil Kapoor,NB/OR/2012/94696
396,Anjali Iyer,NB/TN/2024/36633
397,Renu Rajput,NB/WB/2019/67085
398,Vishal Kapoor,NB/OR/2009/41851
399,Ishaan Gupta,NB/CG/2003/15567
400,Anupam Yadav,NB/MG/2004/57915
401,Ishaan Dubey,NB/DL/2012/98139
402,Ritika Dubey,NB/TS/2024/71304
403,Rashmi Chopra,NB/KL/2016/95680
404,Neha Sharma,NB/DL/2023/71633
405,Anjali Khan,NB/OR/2002/26273
406,Harish Rajput,NB/KAR/2021/39696
407,Dinesh Kadam,NB/UP/2019/36349
408,Kiran Shetty,NB/UK/2018/30511
409,Vikram Ghosh,NB/TR/2014/75136
410,Naveen Bhat,NB/HP/2020/87854
411,Suresh Kapoor,NB/AP/2017/48464
412,Ajay Gupta,NB/TS/2023/16847
413,Shivani Kadam,NB/JK/2003/90681
414,Ishaan Chopra,NB/JK/2016/99267
415,Amit Kulkarni,NB/TR/1999/12585
416,Neha Bhagat,NB/DL/2014/17050
417,Ritika Rao,NB/UK/2013/80755
418,Siddharth Pandey,NB/G/2023/85146
419,Naveen Menon,NB/OR/2009/28502
420,Anupam Ghosh,NB/RJ/2013/60752
421,Ishaan Shetty,NB/BCT/2017/52080
422,Sneha Verma,NB/AP/2023/60069
423,Anita Rajput,NB/MP/2015/10160
424,Dinesh Kaul,NB/BCT/2022/68583
425,Abhishek Das,NB/UP/2017/47983
426,Sneha Nair,NB/UK/2019/91004
427,Ravi Reddy,NB/TS/2023/75892
428,Pooja Lal,NB/OR/2018/42752
429,Anand Thakur,NB/TR/2014/38305
430,Harish Dubey,NB/OR/2016/42918
431,Kavita Nair,NB/TR/2018/89661
432,Sunita Shetty,NB/CG/2016/10804
433,Sneha Mishra,NB/KL/2014/75588
434,Simran Kapoor,NB/KAR/2012/59896
435,Amit Shetty,NB/AP/2014/46883
436,Kiran Kadam,NB/BR/2013/30260
437,Rekha Chopra,NB/TS/2019/28936
438,Amit Mishra,NB/UK/2022/58913
439,Siddharth Bhagat,NB/MAH/2017/58026
440,Sameer Shetty,NB/TS/2019/54863
441,Sanjay Kadam,NB/KAR/2018/97268
442,Pratik Pillai,NB/BCT/2014/91678
443,Nikhil Kulkarni,NB/WB/2022/15525
444,Rekha Menon,NB/OR/2017/69687
445,Rohit Kulkarni,NB/AP/2023/80225
446,Pratik Gupta,NB/OR/2014/40303
447,Rashmi Pandey,NB/MG/2018/48233
448,Arjun Pillai,NB/TR/2022/62553
449,Kiran Lal,NB/BCT/2017/53848
450,Ajay Chaudhary,NB/WB/2021/58797
451,Rekha Rao,NB/UK/2014/57710
452,Sameer Patel,NB/TR/2014/19504
453,Aakash Das,NB/DL/2014/30795
454,Sunita Kulkarni,NB/AP/2014/86433
455,Rohit Yadav,NB/JH/2017/98312
456,Sameer Bhat,NB/MN/2023/85237
457,Sameer Rajput,NB/CG/2021/34872
458,Siddhi Rao,NB/BCT/2019/54060
459,Siddhi Bhat,NB/OR/2012/11960
460,Dinesh Rao,NB/G/2009/78338
461,Kavita Khan,NB/BCT/2012/73957
462,Vikram Menon,NB/BCT/2023/48750
463,Naveen Patel,NB/MAH/2023/55540
464,Bhavna Ghosh,NB/AP/2002/29502
465,Ajay Pandey,NB/TS/2023/12180
466,Siddharth Joshi,NB/UP/2005/56061
467,Simran Chaudhary,NB/G/2013/46614
468,Deepak Joshi,NB/MN/2012/72185
469,Aakash Nair,NB/BCT/2023/74186
470,Sneha Agarwal,NB/DL/2017/44852
471,Neha Rao,NB/G/2017/68617
472,Shivani Bhat,NB/KAR/2015/81661
473,Manoj Rao,NB/RJ/2014/24599
474,Siddhi Sharma,NB/MP/2014/67703
475,Sunita Basu,NB/MP/2000/85567
476,Sanjay Mishra,NB/KL/2023/35421
477,Anjali Mehta,NB/MAH/2022/90670
478,Arjun Kadam,NB/TS/2021/79526
479,Neha Das,NB/AP/2015/67879
480,Tanvi Rao,NB/JK/2009/66457
481,Harish Kadam,NB/CG/2014/97521
482,Rashmi Sharma,NB/JH/2016/84712
483,Tanvi Nair,NB/MG/2009/52435
484,Nikhil Mehta,NB/OR/2014/85125
485,Amit Rao,NB/AP/2019/80021
486,Deepak Sharma,NB/MAH/2024/53261
487,Tanvi Pillai,NB/DL/2014/44165
488,Shivani Bhat,NB/MG/2021/99348
489,Harish Khan,NB/WB/2019/86191
490,Suresh Shetty,NB/MG/2023/89811
491,Vikas Verma,NB/TN/2014/75043
492,Tanvi Saxena,NB/MAH/2024/12517
493,Bhavna Basu,NB/UP/2023/56804
494,Shivani Iyer,NB/MG/2024/15340
495,Asha Patel,NB/MG/2023/95726
496,Priya Mishra,NB/G/2023/49547
497,Ayesha Rajput,NB/TS/2023/55223
498,Naveen Chaudhary,NB/RJ/2014/61011
499,Ajay Saxena,NB/JK/2021/81572
500,Divya Chopra,NB/JK/2016/82820
501,Rekha Khan,NB/TR/2012/81004
502,Tanvi Reddy,NB/JH/2012/71650
503,Asha Mehta,NB/BR/2019/40334
504,Sanjay Verma,NB/MAH/2023/98666
505,Arjun Mishra,NB/KL/2016/58424
506,Suman Yadav,NB/MG/2012/49868
507,Ajay Bhagat,NB/OR/2018/48816
508,Ayesha Shetty,NB/AP/2012/72384
509,Abhishek Reddy,NB/MAH/2017/17059
510,Ishaan Gupta,NB/AP/2011/89169
511,Divya Basu,NB/TN/2018/73375
512,Simran Bhat,NB/UP/2021/12461
513,Ravi Patel,NB/MN/2016/35688
514,Rashmi Sethi,NB/UP/2020/53816
515,Rekha Singh,NB/TR/2012/58289
516,Rekha Kadam,NB/KAR/2023/53469
517,Priya Yadav,NB/BCT/2019/63975
518,Naveen Rao,NB/KAR/2022/47971
519,Vikas Kadam,NB/KL/2012/64324
520,Asha Kulkarni,NB/RJ/2019/50640
521,Simran Gupta,NB/CG/2015/66366
522,Ajay Joshi,NB/KL/2023/47698
523,Divya Bhat,NB/HP/2003/23853
524,Neha Menon,NB/KL/2012/51992
525,Ritika Iyer,NB/MN/2006/31617
526,Rajesh Shetty,NB/HP/2016/58603
527,Ritika Nair,NB/MP/2015/20300
528,Naveen Kadam,NB/UK/2021/11271
529,Renu Shetty,NB/G/2011/55052
530,Rekha Rao,NB/WB/2014/75232
531,Suman Kadam,NB/TS/2023/64921
532,Pratik Sharma,NB/TS/2017/76800
533,Meera Basu,NB/UK/2009/99013
534,Neha Chaudhary,NB/KAR/2016/35971
535,Priya Basu,NB/KAR/2014/34177
536,Ishaan Agarwal,NB/UP/2014/52167
537,Anita Chaudhary,NB/TS/2009/36045
538,Vikas Mehta,NB/BCT/2016/69263
539,Priya Basu,NB/BCT/2016/73815
540,Rashmi Chaudhary,NB/HP/2019/52339
541,Tanvi Bhat,NB/MG/2017/54582
542,Anjali Gupta,NB/JK/2016/42383
543,Anita Rajput,NB/TR/2015/93089
544,Deepak Iyer,NB/MG/2024/61656
545,Simran Sharma,NB/MN/2010/56955
546,Ayesha Sethi,NB/UP/2023/79724
547,Neha Chopra,NB/G/2015/93745
548,Ravi Joshi,NB/MN/2006/78294
549,Shweta Kadam,NB/UP/2016/78942
550,Pratik Menon,NB/TS/2020/13767
551,Arjun Mehta,NB/G/2017/62983
552,Shweta Bhagat,NB/CG/2019/75180
553,Harish Bhat,NB/MN/2014/33513
554,Ishaan Pandey,NB/CG/2022/13176
555,Vishal Das,NB/MAH/2002/32636
556,Shweta Reddy,NB/MG/2009/26260
557,Anirudh Saxena,NB/TS/2017/22970
558,Suresh Menon,NB/CG/2021/53494
559,Vikram Das,NB/KL/2017/57182
560,Rekha Singh,NB/OR/2013/25244
561,Jyoti Thakur,NB/DL/2018/47328
562,Kunal Yadav,NB/MAH/2019/53278
563,Anita Shetty,NB/HP/2013/96666
564,Nikhil Joshi,NB/KAR/2005/74083
565,Arjun Iyer,NB/OR/2015/17165
566,Shweta Reddy,NB/AP/2021/86631
567,Siddhi Yadav,NB/MN/2010/80263
568,Ravi Rao,NB/TR/2018/52009
569,Suresh Rajput,NB/TS/2011/84484
570,Ravi Ghosh,NB/OR/2015/23757
571,Arjun Nair,NB/RJ/2003/53705
572,Ravi Joshi,NB/HP/2019/35785
573,Ayesha Menon,NB/AP/2013/21168
574,Priya Sharma,NB/G/2014/89625
575,Vikram Kaul,NB/HP/2023/80462
576,Rekha Kapoor,NB/JK/2018/44756
577,Asha Saxena,NB/MG/2016/38529
578,Tanvi Iyer,NB/KL/2023/15225
579,Priya Mishra,NB/UK/2007/91537
580,Pratik Ghosh,NB/AP/2020/36228
581,Ayesha Reddy,NB/MP/2010/84325
582,Anupam Mehta,NB/KL/2016/14480
583,Ravi Nair,NB/RJ/2015/52945
584,Vikas Kulkarni,NB/WB/2015/49482
585,Amit Iyer,NB/JK/2002/15286
586,Priya Iyer,NB/UK/2016/46127
587,Anirudh Thakur,NB/MG/2012/28680
588,Rekha Kaul,NB/HP/2008/19172
589,Sanjay Patel,NB/RJ/2013/80791
590,Harish Patel,NB/MP/2013/44878
591,Bhavna Dubey,NB/OR/2012/24268
592,Suman Bhat,NB/UK/2016/81436
593,Dinesh Dubey,NB/G/2015/59851
594,Arjun Lal,NB/KL/2022/82977
595,Anirudh Sethi,NB/UP/2019/45559
596,Bhavna Rajput,NB/MN/2015/95862
597,Ritika Rao,NB/HP/2016/70887
598,Siddharth Chopra,NB/WB/2017/27887
599,Suresh Menon,NB/OR/2012/79862
600,Harish Reddy,NB/KAR/2022/59230
601,Suresh Basu,NB/TR/2014/46616
602,Ravi Verma,NB/MAH/2022/92033
603,Anjali Singh,NB/RJ/2015/73949
604,Deepak Joshi,NB/JH/2023/71656
605,Arjun Kaul,NB/MG/2019/72024
606,Vikas Bhagat,NB/OR/2011/91687
607,Dinesh Nair,NB/JK/2009/20695
608,Shweta Reddy,NB/TN/2022/65801
609,Ravi Gupta,NB/TS/2010/89876
610,Amit Joshi,NB/UP/2012/14197
611,Nikhil Iyer,NB/MN/2016/88395
612,Renu Khan,NB/UK/2013/65498
613,Neha Pillai,NB/MAH/2009/24678
614,Harish Bhat,NB/G/2024/63268
615,Renu Mehta,NB/TN/2010/53440
616,Manoj Sethi,NB/BCT/2009/71094
617,Shweta Lal,NB/G/2016/47798
618,Ayesha Gupta,NB/UK/2017/90358
619,Siddhi Iyer,NB/KL/2015/27061
620,Rashmi Thakur,NB/OR/2018/98684
621,Rashmi Rajput,NB/JH/2022/51725
622,Anupam Kadam,NB/OR/2016/28168
623,Pooja Khan,NB/JK/2018/40230
624,Ishaan Shetty,NB/JK/2014/49375
625,Rekha Kulkarni,NB/KL/2023/83046
626,Anirudh Chopra,NB/CG/2011/51433
627,Anjali Lal,NB/HP/2017/38502
628,Anita Kulkarni,NB/TR/2014/76994
629,Sameer Kapoor,NB/G/2016/79149
630,Suman Chaudhary,NB/CG/2017/61272
631,Deepak Rajput,NB/OR/2017/60439
632,Pratik Khan,NB/G/2019/62890
633,Rajesh Pillai,NB/MP/2010/44021
634,Anita Thakur,NB/DL/2017/90976
635,Vikram Saxena,NB/KAR/2011/41551
636,Anand Pandey,NB/MG/2022/16845
637,Arjun Reddy,NB/MN/2013/30813
638,Simran Kapoor,NB/TS/2023/96817
639,Ayesha Kapoor,NB/CG/2023/87458
640,Suresh Menon,NB/BCT/2019/96916
641,Siddhi Agarwal,NB/TS/2019/51714
642,Ritika Kadam,NB/TS/2021/64772
643,Divya Yadav,NB/RJ/2022/78205
644,Dinesh Bhat,NB/OR/2020/18479
645,Siddhi Kapoor,NB/BCT/2009/54819
646,Divya Shetty,NB/MN/2018/82040
647,Sameer Nair,NB/CG/2018/26020
648,Siddhi Shetty,NB/OR/2014/79707
649,Suresh Yadav,NB/TR/2021/28114
650,Asha Khan,NB/KL/2016/40557
651,Rohit Pillai,NB/WB/2014/18529
652,Rajesh Kadam,NB/JK/2018/54585
653,Vikas Singh,NB/AP/2006/84008
654,Vishal Gupta,NB/HP/2021/22290
655,Anjali Kapoor,NB/WB/2011/43463
656,Siddharth Yadav,NB/OR/2010/56191
657,Arjun Dubey,NB/HP/2018/97625
658,Renu Das,NB/AP/2017/25090
659,Sunita Basu,NB/MAH/2015/96570
660,Nikhil Rajput,NB/KL/2012/15655
661,Suman Joshi,NB/RJ/2010/84200
662,Sunita Lal,NB/MN/2015/63433
663,Suresh Kadam,NB/MP/2020/63812
664,Swati Mehta,NB/BR/2016/58477
665,Rohit Sethi,NB/MG/2016/30234
666,Anita Kapoor,NB/UP/2013/13398
667,Simran Shetty,NB/KL/2014/22483
668,Rajesh Joshi,NB/HP/2013/12356
669,Tanvi Agarwal,NB/AP/2009/13218
670,Shivani Verma,NB/BR/2014/52280
671,Jyoti Patel,NB/UP/2000/98211
672,Sameer Ghosh,NB/UP/2023/29732
673,Deepak Lal,NB/TS/2014/64579
674,Renu Lal,NB/G/2017/55400
675,Suman Singh,NB/TS/2016/31401
676,Kiran Verma,NB/KAR/2014/57800
677,Jyoti Singh,NB/TN/2014/49295
678,Vikas Saxena,NB/G/2010/36701
679,Vishal Verma,NB/UP/2010/16008
680,Shivani Chopra,NB/JK/2021/63355
681,Divya Kapoor,NB/RJ/2021/99202
682,Siddharth Thakur,NB/HP/2017/55436
683,Tanvi Singh,NB/RJ/2015/15264
684,Priya Basu,NB/KL/2023/71473
685,Arjun Kaul,NB/BCT/2018/21895
686,Arjun Lal,NB/MAH/2012/96129
687,Divya Pandey,NB/OR/2019/82626
688,Sanjay Basu,NB/AP/2013/96462
689,Rajesh Dubey,NB/OR/2021/46192
690,Abhishek Pandey,NB/OR/2010/81253
691,Anupam Basu,NB/KAR/2015/28112
692,Ishaan Gupta,NB/MG/2017/33391
693,Nikhil Reddy,NB/JH/2003/68861
694,Nikhil Agarwal,NB/HP/2000/58174
695,Abhishek Sethi,NB/HP/2017/57465
696,Sunita Khan,NB/OR/2023/13205
697,Vikram Menon,NB/MN/2017/35876
698,Anupam Singh,NB/DL/2013/33670
699,Rohit Saxena,NB/DL/2022/79585
700,Deepak Saxena,NB/KL/2004/65516
701,Kunal Joshi,NB/RJ/2018/84710
702,Jyoti Dubey,NB/BCT/2011/12826
703,Anjali Rao,NB/OR/2019/41048
704,Tanvi Bhat,NB/JH/2020/44240
705,Shweta Thakur,NB/CG/2018/57760
706,Tanvi Bhat,NB/TN/2023/94475
707,Siddharth Kapoor,NB/MG/2023/53628
708,Vikram Joshi,NB/RJ/2020/76456
709,Sanjay Lal,NB/RJ/2021/77868
710,Suresh Sharma,NB/DL/2000/77442
711,Kunal Sethi,NB/MAH/2018/28142
712,Swati Bhat,NB/HP/2015/72931
713,Pooja Verma,NB/BCT/2001/20637
714,Rohit Das,NB/RJ/2012/94779
715,Dinesh Agarwal,NB/HP/2017/80235
716,Sunita Khan,NB/KL/2019/73852
717,Ishaan Lal,NB/BR/2018/92635
718,Tanvi Kadam,NB/MG/2009/80041
719,Vikram Saxena,NB/KAR/2010/44115
720,Anita Basu,NB/BR/2021/51736
721,Jyoti Iyer,NB/CG/2015/59285
722,Pratik Rajput,NB/UP/2010/75525
723,Kiran Das,NB/WB/2012/30739
724,Divya Rao,NB/AP/2019/61018
725,Renu Kulkarni,NB/OR/2010/97583
726,Rekha Kaul,NB/CG/2013/20818
727,Manoj Pandey,NB/OR/2020/99157
728,Anita Saxena,NB/TR/2020/87845
729,Shivani Gupta,NB/G/2013/51575
730,Anand Khan,NB/KAR/2019/45804
731,Manoj Nair,NB/MN/2010/93546
732,Nikhil Mehta,NB/MP/2020/84009
733,Meera Lal,NB/OR/2014/43744
734,Ayesha Mehta,NB/MP/2011/41195
735,Kiran Saxena,NB/BR/2021/79465
736,Harish Chopra,NB/MP/2018/88616
737,Anirudh Gupta,NB/DL/2019/43834
738,Ayesha Sethi,NB/KAR/2017/25686
739,Naveen Pandey,NB/TR/2019/45308
740,Sanjay Gupta,NB/KAR/2009/21025
741,Pooja Joshi,NB/BR/2019/37584
742,Naveen Reddy,NB/OR/2013/13120
743,Sanjay Lal,NB/HP/2015/31368
744,Bhavna Agarwal,NB/MG/2001/91911
745,Shweta Sharma,NB/HP/2007/45919
746,Suman Rajput,NB/MP/2012/86959
747,Arjun Kaul,NB/KL/2023/82592
748,Simran Patel,NB/TS/2022/89516
749,Anirudh Joshi,NB/KL/2009/11070
750,Tanvi Yadav,NB/MG/2013/74939
751,Anita Kapoor,NB/UK/2013/94624
752,Anjali Mishra,NB/DL/2022/46386
753,Shweta Reddy,NB/JK/2017/50590
754,Shivani Verma,NB/TR/2018/38499
755,Siddhi Mehta,NB/TS/2019/99062
756,Jyoti Mishra,NB/TN/2011/27077
757,Priya Ghosh,NB/MAH/2014/54353
758,Amit Khan,NB/AP/2015/95243
759,Suresh Mehta,NB/TS/2022/62367
760,Priya Khan,NB/JK/2009/61209
761,Rajesh Agarwal,NB/BR/2014/97427
762,Rohit Rajput,NB/BCT/2018/79409
763,Ritika Agarwal,NB/BCT/2013/99995
764,Anjali Kaul,NB/OR/2014/27324
765,Kunal Mishra,NB/G/2022/89656
766,Sneha Chaudhary,NB/TN/2023/60817
767,Suresh Thakur,NB/TS/2015/71403
768,Divya Das,NB/AP/2022/85049
769,Jyoti Gupta,NB/MAH/2015/38519
770,Sanjay Reddy,NB/KL/2021/28285
771,Simran Basu,NB/AP/2017/64115
772,Suresh Das,NB/AP/2017/31872
773,Abhishek Ghosh,NB/TN/2008/81624
774,Sunita Saxena,NB/MP/2022/35119
775,Ishaan Yadav,NB/KL/2017/17436
776,Divya Lal,NB/WB/2015/75139
777,Anita Mishra,NB/AP/2018/70287
778,Renu Basu,NB/TS/2023/58300
779,Vishal Mehta,NB/MAH/2020/35594
780,Kiran Nair,NB/WB/2014/90296
781,Dinesh Verma,NB/BR/2020/10234
782,Simran Basu,NB/TR/2015/98152
783,Bhavna Singh,NB/MAH/2019/46175
784,Tanvi Dubey,NB/UP/2014/44305
785,Shivani Patel,NB/MAH/2023/59870
786,Divya Kapoor,NB/KAR/2015/66817
787,Abhishek Kapoor,NB/BR/2021/85990
788,Renu Reddy,NB/JH/2013/51988
789,Abhishek Das,NB/BR/2021/59937
790,Siddhi Shetty,NB/RJ/2013/54887
791,Ajay Reddy,NB/JK/2014/14381
792,Kiran Chaudhary,NB/DL/2014/87266
793,Simran Sethi,NB/WB/2022/67941
794,Vikram Pillai,NB/DL/2024/65095
795,Anjali Patel,NB/OR/2014/89441
796,Sameer Rao,NB/KL/2012/59882
797,Tanvi Joshi,NB/G/2023/38477
798,Rajesh Mishra,NB/JK/2016/99746
799,Dinesh Kapoor,NB/WB/2015/15926
800,Swati Mishra,NB/TN/2015/64027
801,Neha Gupta,NB/KL/2023/46229
802,Suresh Ghosh,NB/UP/1999/30885
803,Shivani Saxena,NB/JH/2023/63297
804,Aakash Kaul,NB/TS/2015/68264
805,Pooja Joshi,NB/OR/2015/22265
806,Ravi Bhat,NB/OR/2017/69198
807,Rohit Ghosh,NB/AP/2012/24960
808,Amit Mehta,NB/G/2016/18522
809,Amit Sharma,NB/JH/2019/82251
810,Kavita Menon,NB/UK/2016/78770
811,Vikas Sharma,NB/TN/2014/22746
812,Manoj Pillai,NB/JH/2014/70005
813,Sameer Pillai,NB/HP/2023/10595
814,Rohit Thakur,NB/RJ/2016/37925
815,Abhishek Kaul,NB/OR/2023/56079
816,Siddharth Reddy,NB/OR/2023/54352
817,Naveen Nair,NB/HP/2014/85325
818,Meera Bhat,NB/MAH/2015/93950
819,Asha Shetty,NB/RJ/2023/91050
820,Renu Bhat,NB/UK/2015/47683
821,Vikram Kulkarni,NB/UK/2019/71826
822,Amit Bhat,NB/KL/2018/95832
823,Meera Bhagat,NB/MP/2014/69726
824,Ritika Agarwal,NB/RJ/2016/76662
825,Anupam Basu,NB/BCT/2006/42197
826,Nikhil Ghosh,NB/MN/2016/42671
827,Arjun Kapoor,NB/RJ/2022/40427
828,Tanvi Ghosh,NB/TN/2018/46305
829,Asha Kulkarni,NB/CG/2015/95549
830,Rekha Basu,NB/G/2019/69759
831,Pooja Bhagat,NB/HP/2012/94996
832,Vishal Lal,NB/CG/2015/36293
833,Sameer Kapoor,NB/KL/2013/16140
834,Ravi Kapoor,NB/OR/2010/82797
835,Meera Menon,NB/UK/2015/10814
836,Tanvi Singh,NB/JK/2021/16404
837,Vikram Yadav,NB/BR/2013/12143
838,Manoj Reddy,NB/TR/2012/41748
839,Vikram Sharma,NB/TN/2013/45067
840,Rohit Joshi,NB/MN/2014/49805
841,Kunal Kadam,NB/RJ/2014/60299
842,Asha Nair,NB/BR/2016/27518
843,Suman Bhat,NB/BCT/2008/80612
844,Sanjay Khan,NB/TR/2012/39900
845,Sunita Singh,NB/DL/2011/12746
846,Anirudh Dubey,NB/KL/2013/80273
847,Siddhi Singh,NB/DL/2020/91393
848,Ravi Bhagat,NB/TR/2022/84750
849,Sanjay Nair,NB/RJ/2012/68583
850,Ishaan Lal,NB/AP/2019/32434
851,Sanjay Lal,NB/MP/2014/64448
852,Anupam Verma,NB/AP/2016/68085
853,Manoj Kadam,NB/AP/2013/26954
854,Priya Saxena,NB/RJ/2024/77829
855,Neha Shetty,NB/AP/2013/29858
856,Vikram Kulkarni,NB/BR/2005/89986
857,Meera Menon,NB/G/2022/72745
858,Deepak Bhagat,NB/JH/2018/39365
859,Rekha Basu,NB/TR/2019/39457
860,Siddharth Shetty,NB/TS/2018/83318
861,Pooja Basu,NB/KAR/2024/52395
862,Rekha Das,NB/DL/2014/31039
863,Rekha Bhagat,NB/G/2019/39684
864,Siddhi Verma,NB/JK/2023/94188
865,Anupam Nair,NB/RJ/2023/29681
866,Deepak Kaul,NB/JK/2001/23718
867,Dinesh Nair,NB/MN/2023/43606
868,Naveen Singh,NB/KL/1999/91793
869,Harish Reddy,NB/RJ/2023/94984
870,Anirudh Yadav,NB/MP/2018/50516
871,Kunal Rajput,NB/WB/2015/17685
872,Kiran Menon,NB/HP/2014/57197
873,Anita Patel,NB/CG/2015/41113
874,Ravi Reddy,NB/UP/2014/76984
875,Renu Agarwal,NB/MN/2012/52948
876,Aakash Ghosh,NB/G/2020/85706
877,Renu Dubey,NB/RJ/2022/99595
878,Swati Singh,NB/MG/2012/28122
879,Anjali Bhagat,NB/TR/2001/44787
880,Ishaan Bhat,NB/TR/2015/46072
881,Manoj Gupta,NB/HP/2019/34955
882,Vikram Chopra,NB/OR/2016/16270
883,Jyoti Patel,NB/BCT/2013/17058
884,Aakash Bhagat,NB/OR/2011/10767
885,Kavita Agarwal,NB/TS/2019/86527
886,Anand Chopra,NB/CG/2019/86903
887,Suresh Menon,NB/G/2013/39853
888,Anupam Kadam,NB/BCT/2015/14552
889,Neha Agarwal,NB/RJ/2012/81946
890,Suresh Ghosh,NB/MN/2014/15628
891,Dinesh Gupta,NB/KL/2019/36913
892,Pratik Lal,NB/CG/2010/53239
893,Sneha Mehta,NB/G/2017/20486
894,Ajay Bhat,NB/AP/2015/11193
895,Ajay Ghosh,NB/BR/2019/22225
896,Suresh Nair,NB/JH/2019/19743
897,Sanjay Reddy,NB/UK/2009/67991
898,Sunita Sharma,NB/MN/2022/79867
899,Pratik Kulkarni,NB/OR/2014/62891
900,Rashmi Singh,NB/CG/2019/81853
901,Vikas Patel,NB/UP/2015/97816
902,Rekha Kapoor,NB/TR/2016/75678
903,Ritika Iyer,NB/AP/2015/40343
904,Siddharth Sethi,NB/DL/2014/91891
905,Manoj Kaul,NB/BCT/2023/11903
906,Ritika Das,NB/OR/2015/44310
907,Priya Yadav,NB/BR/2016/18664
908,Ishaan Menon,NB/BCT/2022/25955
909,Tanvi Nair,NB/KAR/2016/19711
910,Arjun Gupta,NB/JK/2009/83973
911,Arjun Thakur,NB/RJ/2011/28267
912,Ayesha Sethi,NB/WB/2022/48534
913,Anita Khan,NB/TS/2013/43963
914,Pratik Yadav,NB/KAR/2022/94391
915,Amit Kapoor,NB/TR/2022/75605
916,Divya Bhat,NB/TR/2018/77293
917,Swati Nair,NB/KAR/2009/40047
918,Dinesh Ghosh,NB/BCT/2023/72750
919,Priya Khan,NB/MP/2024/21397
920,Kavita Kadam,NB/AP/2024/37596
921,Anjali Kulkarni,NB/G/2009/17447
922,Sneha Nair,NB/BR/2015/76045
923,Renu Menon,NB/CG/2022/68857
924,Aakash Khan,NB/DL/2012/21738
925,Kiran Joshi,NB/MP/2021/41255
926,Siddhi Sharma,NB/TS/2016/83286
927,Suresh Mishra,NB/BCT/2019/48545
928,Rohit Rao,NB/OR/2019/95308
929,Naveen Menon,NB/UP/2019/13656
930,Abhishek Das,NB/TN/2015/25315
931,Naveen Rao,NB/KAR/2021/97002
932,Arjun Menon,NB/TN/2024/75705
933,Harish Sethi,NB/TN/2007/53081
934,Anita Mishra,NB/BCT/2016/89037
935,Anupam Singh,NB/MG/2006/88048
936,Shweta Kadam,NB/UP/2010/34637
937,Manoj Chaudhary,NB/CG/2007/45747
938,Divya Agarwal,NB/UK/2022/65971
939,Shivani Menon,NB/MP/2022/63487
940,Rajesh Mishra,NB/AP/2018/69367
941,Swati Rao,NB/TS/2022/98086
942,Ajay Mehta,NB/MAH/2011/87405
943,Tanvi Sharma,NB/DL/2015/37008
944,Anjali Pillai,NB/AP/2016/87549
945,Arjun Rao,NB/OR/2016/89251
946,Ajay Iyer,NB/UK/2017/44044
947,Bhavna Bhagat,NB/MG/2014/47355
948,Amit Mishra,NB/OR/2017/82407
949,Sneha Kadam,NB/DL/2013/14658
950,Sanjay Chopra,NB/TR/2024/96560
951,Abhishek Dubey,NB/CG/2019/73123
952,Rekha Singh,NB/MAH/2014/95960
953,Kavita Kulkarni,NB/BCT/2023/40356
954,Aakash Kapoor,NB/JH/2023/53087
955,Anupam Shetty,NB/G/2019/27975
956,Rajesh Gupta,NB/WB/2015/71627
957,Ayesha Joshi,NB/G/2019/25999
958,Shweta Kadam,NB/MN/2018/59349
959,Renu Kaul,NB/JH/2023/52700
960,Ajay Chopra,NB/CG/2009/62133
961,Swati Agarwal,NB/MN/2015/16501
962,Kiran Kapoor,NB/MAH/2017/94092
963,Bhavna Sharma,NB/DL/2005/24696
964,Ayesha Bhagat,NB/MP/2015/99141
965,Jyoti Yadav,NB/BR/2018/91816
966,Manoj Dubey,NB/UK/2021/15603
967,Tanvi Kadam,NB/BCT/2022/85495
968,Rohit Dubey,NB/HP/2011/90346
969,Tanvi Agarwal,NB/G/2009/49052
970,Priya Iyer,NB/CG/2021/98706
971,Ritika Pillai,NB/KL/2018/96350
972,Anjali Pillai,NB/OR/2014/67150
973,Suman Kapoor,NB/JK/2023/86824
974,Priya Reddy,NB/MAH/2018/26161
975,Aakash Kaul,NB/G/2015/37966
976,Kavita Pillai,NB/UP/2022/46536
977,Siddharth Das,NB/MN/2019/56771
978,Ishaan Rao,NB/BCT/2011/59007
979,Tanvi Kaul,NB/OR/2016/28955
980,Sameer Basu,NB/AP/2014/16225
981,Rashmi Mishra,NB/OR/2018/54323
982,Kiran Pandey,NB/HP/2009/87406
983,Arjun Kadam,NB/BR/2005/11065
984,Rashmi Kulkarni,NB/JK/2019/80553
985,Ayesha Bhagat,NB/MP/2014/30004
986,Renu Lal,NB/DL/2008/78828
987,Kavita Mehta,NB/OR/2009/16413
988,Vikram Yadav,NB/TS/2013/87807
989,Kiran Menon,NB/MP/2021/15552
990,Anirudh Iyer,NB/JH/2014/16187
991,Manoj Rajput,NB/JK/2016/10967
992,Anjali Khan,NB/MG/2018/56160
993,Siddharth Mishra,NB/AP/2023/89204
994,Ajay Khan,NB/JK/2009/83680
995,Vikram Dubey,NB/UP/2010/34722
996,Sunita Gupta,NB/OR/2001/91327
997,Vishal Kaul,NB/BR/2009/74017
998,Rekha Basu,NB/AP/2024/29432
999,Abhishek Shetty,NB/G/2023/56454
1000,Tanvi Yadav,NB/HP/2018/20350
1001,Renu Kadam,NB/OR/2013/72853
1002,Meera Lal,NB/KAR/2019/21851
1003,Anjali Singh,NB/DL/2016/92557
1004,Rashmi Singh,NB/BR/2013/29024
1005,Aakash Sethi,NB/BR/2021/59296
1006,Meera Bhat,NB/KL/2003/30170
1007,Asha Kulkarni,NB/BCT/2023/80046
1008,Sameer Saxena,NB/WB/2009/67169
1009,Meera Nair,NB/JH/2013/39142
1010,Arjun Rao,NB/MAH/2014/91219
1011,Anand Verma,NB/KAR/2015/84563
1012,Shivani Sharma,NB/WB/2023/63030
1013,Nikhil Rajput,NB/TN/2021/16888
1014,Suresh Das,NB/MN/2011/43450
1015,Rohit Menon,NB/G/2023/52094
1016,Deepak Joshi,NB/G/2014/47257
1017,Tanvi Lal,NB/KL/2022/84967
1018,Siddhi Basu,NB/OR/2015/90864
1019,Vikram Mishra,NB/OR/2007/24015
1020,Anita Saxena,NB/TS/2024/23301
1021,Siddhi Das,NB/MAH/2014/40728
1022,Sneha Sharma,NB/HP/2021/70236
1023,Shweta Rao,NB/TR/2016/28401
1024,Shivani Sharma,NB/TS/2015/81526
1025,Vikram Kulkarni,NB/JK/2014/22432
1026,Ravi Kadam,NB/G/2023/14994
1027,Harish Pandey,NB/BCT/2021/39383
1028,Divya Yadav,NB/MP/2014/80350
1029,Kiran Patel,NB/OR/2016/85701
1030,Sunita Agarwal,NB/AP/2015/78665
1031,Anand Basu,NB/MAH/2015/75554
1032,Siddhi Sethi,NB/JH/2019/47647
1033,Amit Basu,NB/WB/2018/69997
1034,Harish Shetty,NB/TS/2016/36579
1035,Swati Bhagat,NB/AP/2013/81892
1036,Simran Mehta,NB/UK/2014/81520
1037,Divya Gupta,NB/TS/2020/21911
1038,Suman Sharma,NB/AP/2015/45572
1039,Simran Bhat,NB/TS/2009/76800
1040,Anirudh Gupta,NB/TS/2014/85599
1041,Kiran Das,NB/JH/2016/95769
1042,Kavita Bhat,NB/HP/2017/59383
1043,Anand Kapoor,NB/OR/2018/52099
1044,Jyoti Thakur,NB/OR/2017/68054
1045,Vikram Joshi,NB/OR/2016/81629
1046,Rashmi Mishra,NB/TR/2016/42650
1047,Shweta Gupta,NB/MG/2014/53665
1048,Divya Agarwal,NB/BCT/2016/19515
1049,Rekha Dubey,NB/DL/2006/82209
1050,Rekha Gupta,NB/OR/2013/63744
1051,Ritika Chopra,NB/BR/2015/96074
1052,Shweta Dubey,NB/OR/2004/26042
1053,Jyoti Chopra,NB/WB/2018/17658
1054,Dinesh Chaudhary,NB/TN/2014/45844
1055,Sanjay Pillai,NB/MP/2017/86105
1056,Siddharth Thakur,NB/HP/2010/31897
1057,Meera Iyer,NB/DL/2024/36321
1058,Harish Kaul,NB/BR/2012/33602
1059,Ishaan Chaudhary,NB/UP/2010/19099
1060,Rekha Rajput,NB/G/2019/29326
1061,Asha Lal,NB/MG/2014/90815
1062,Ravi Thakur,NB/MAH/2013/21940
1063,Anupam Bhagat,NB/TN/2018/76958
1064,Abhishek Das,NB/HP/2015/84248
1065,Vikram Das,NB/MAH/2018/77047
1066,Rekha Nair,NB/JK/2014/93442
1067,Ritika Nair,NB/TS/1999/60761
1068,Pratik Yadav,NB/TS/2021/51012
1069,Nikhil Rajput,NB/KAR/2023/22144
1070,Tanvi Thakur,NB/WB/2018/94585
1071,Shivani Saxena,NB/WB/2021/18436
1072,Vikas Lal,NB/JH/2019/74860
1073,Vishal Pandey,NB/MAH/2014/33421
1074,Tanvi Kulkarni,NB/HP/2021/79237
1075,Manoj Pillai,NB/TS/2021/12493
1076,Rashmi Shetty,NB/TN/2018/13142
1077,Sanjay Thakur,NB/UK/2023/10725
1078,Arjun Lal,NB/KL/2019/29457
1079,Anirudh Kadam,NB/CG/2012/89753
1080,Anand Joshi,NB/RJ/2011/97467
1081,Meera Mehta,NB/WB/2016/84356
1082,Siddhi Menon,NB/DL/2021/13561
1083,Rohit Thakur,NB/UP/2017/56392
1084,Dinesh Thakur,NB/TN/2021/18125
1085,Priya Sharma,NB/MAH/2014/89016
1086,Kunal Saxena,NB/UK/2023/54670
1087,Meera Khan,NB/RJ/2011/22393
1088,Deepak Agarwal,NB/OR/2021/96312
1089,Kavita Ghosh,NB/TN/2014/33457
1090,Anita Das,NB/UK/2017/74566
1091,Rohit Mehta,NB/AP/2009/58105
1092,Suman Iyer,NB/JK/2012/98101
1093,Swati Kadam,NB/KL/2018/74628
1094,Bhavna Verma,NB/TS/2018/27203
1095,Amit Iyer,NB/BR/2019/31262
1096,Rohit Singh,NB/BR/2014/87334
1097,Anita Mehta,NB/MG/2016/69218
1098,Ravi Saxena,NB/UK/2014/56201
1099,Rohit Iyer,NB/JH/2019/28909
1100,Meera Das,NB/BCT/2023/87237
1101,Vishal Bhagat,NB/TS/2014/63041
1102,Abhishek Sharma,NB/OR/2018/72365
1103,Divya Sharma,NB/KL/2015/31012
1104,Amit Agarwal,NB/RJ/2023/25703
1105,Kunal Ghosh,NB/BCT/2005/30349
1106,Bhavna Rajput,NB/JH/2014/96194
1107,Suresh Nair,NB/RJ/2014/60657
1108,Anirudh Gupta,NB/TR/2014/71873
1109,Amit Mehta,NB/AP/2011/70149
1110,Bhavna Verma,NB/JK/2022/31835
1111,Ayesha Chopra,NB/RJ/2011/44759
1112,Divya Mehta,NB/OR/2009/96941
1113,Suman Rao,NB/MAH/2003/46806
1114,Manoj Joshi,NB/OR/2008/19729
1115,Siddharth Kaul,NB/UP/2015/70206
1116,Rajesh Kapoor,NB/UP/2011/15335
1117,Divya Bhat,NB/OR/2016/97100
1118,Ayesha Khan,NB/CG/2021/68771
1119,Kunal Gupta,NB/BR/2017/53796
1120,Ishaan Mehta,NB/JH/2018/24246
1121,Sanjay Das,NB/JH/2008/89468
1122,Neha Ghosh,NB/WB/2021/51659
1123,Priya Bhagat,NB/MN/2013/54928
1124,Rajesh Kulkarni,NB/KAR/2018/11563
1125,Rohit Sethi,NB/CG/2013/11937
1126,Sanjay Mishra,NB/TS/2001/55881
1127,Aakash Kadam,NB/RJ/2014/64167
1128,Rashmi Kulkarni,NB/CG/2012/24169
1129,Anita Kulkarni,NB/AP/2019/95048
1130,Ritika Mishra,NB/MP/2017/12384
1131,Sunita Chaudhary,NB/RJ/2020/17265
1132,Bhavna Basu,NB/KL/2016/77692
1133,Siddhi Rajput,NB/TR/2017/54136
1134,Tanvi Gupta,NB/G/2015/98113
1135,Rohit Yadav,NB/TS/2021/81003
1136,Amit Bhagat,NB/TN/2015/61788
1137,Sunita Menon,NB/G/2015/12443
1138,Pooja Khan,NB/RJ/2009/74828
1139,Pratik Iyer,NB/RJ/2019/57605
1140,Kiran Iyer,NB/JK/2009/16547
1141,Jyoti Ghosh,NB/MP/2016/29988
1142,Anjali Verma,NB/JH/2022/55897
1143,Manoj Singh,NB/OR/2022/63050
1144,Asha Ghosh,NB/RJ/2013/15542
1145,Pooja Das,NB/BR/2016/25359
1146,Abhishek Rao,NB/WB/2014/61283
1147,Anjali Mehta,NB/WB/2021/24166
1148,Anjali Saxena,NB/BR/2011/34106
1149,Anjali Bhat,NB/OR/2011/26245
1150,Bhavna Reddy,NB/UP/2004/42973
1151,Bhavna Pillai,NB/CG/2019/42880
1152,Sameer Mishra,NB/JH/2011/84734
1153,Rajesh Kaul,NB/RJ/2013/76467
1154,Amit Das,NB/UK/2016/37389
1155,Kunal Kulkarni,NB/JH/2017/67521
1156,Rajesh Pandey,NB/JH/2013/29521
1157,Dinesh Kaul,NB/UP/2015/83417
1158,Anjali Pandey,NB/BR/2022/66698
1159,Simran Pillai,NB/BCT/2014/22774
1160,Kavita Mehta,NB/AP/1999/44565
1161,Anupam Kadam,NB/MN/2019/30548
1162,Bhavna Ghosh,NB/UK/2013/30878
1163,Rekha Sharma,NB/OR/2021/22398
1164,Vikram Rajput,NB/BCT/2017/65564
1165,Anand Bhagat,NB/MAH/2013/66800
1166,Pratik Chaudhary,NB/UP/2013/69101
1167,Neha Thakur,NB/DL/2023/79061
1168,Harish Agarwal,NB/BR/2011/97827
1169,Shivani Joshi,NB/KAR/2014/32701
1170,Abhishek Kadam,NB/RJ/2017/23855
1171,Kavita Pillai,NB/WB/2014/34191
1172,Jyoti Chopra,NB/TN/2014/95409
1173,Pratik Khan,NB/MAH/2022/51362
1174,Pratik Sharma,NB/CG/2016/88950
1175,Amit Bhagat,NB/BR/2010/81191
1176,Abhishek Agarwal,NB/MP/2013/86824
1177,Anand Chopra,NB/BR/2013/13832
1178,Shweta Reddy,NB/KL/2019/36148
1179,Naveen Verma,NB/OR/2014/33659
1180,Swati Agarwal,NB/UK/2004/89420
1181,Ritika Verma,NB/UP/2024/52198
1182,Anita Kulkarni,NB/OR/2014/53031
1183,Kiran Kapoor,NB/DL/2015/96556
1184,Kavita Shetty,NB/JK/2016/81404
1185,Anjali Joshi,NB/JK/2009/61334
1186,Kiran Nair,NB/TS/2014/30620
1187,Priya Singh,NB/TN/2024/27363
1188,Anirudh Joshi,NB/G/2015/43723
1189,Simran Shetty,NB/OR/2017/75720
1190,Manoj Gupta,NB/CG/2015/44752
1191,Anirudh Shetty,NB/BR/2018/63516
1192,Ayesha Iyer,NB/JK/2019/71662
1193,Naveen Saxena,NB/AP/2023/65629
1194,Rekha Rajput,NB/UP/2010/58471
1195,Suresh Verma,NB/JK/2019/46388
1196,Manoj Iyer,NB/JK/2012/28544
1197,Shweta Bhat,NB/HP/2017/26569
1198,Bhavna Sethi,NB/JH/2023/32359
1199,Ajay Kadam,NB/DL/2012/49888
1200,Anjali Shetty,NB/CG/2019/35695
1201,Simran Basu,NB/JH/2019/44132
1202,Priya Chopra,NB/BR/2024/66942
1203,Bhavna Kapoor,NB/RJ/2016/89323
1204,Amit Sharma,NB/TN/2016/88025
1205,Suresh Mishra,NB/TR/2016/42742
1206,Kunal Pandey,NB/MG/2013/20195
1207,Sameer Verma,NB/WB/2023/99691
1208,Vishal Verma,NB/MAH/2019/35356
1209,Shweta Sharma,NB/RJ/2014/18433
1210,Tanvi Kapoor,NB/JH/2009/80208
1211,Sunita Reddy,NB/RJ/2023/78025
1212,Shweta Saxena,NB/MAH/2011/31038
1213,Aakash Saxena,NB/WB/2016/33203
1214,Vishal Pillai,NB/UP/2018/12683
1215,Sneha Agarwal,NB/KL/2012/98682
1216,Divya Agarwal,NB/KL/2010/80150
1217,Suresh Ghosh,NB/MN/2010/30000
1218,Bhavna Gupta,NB/KAR/2021/86475
1219,Anupam Singh,NB/OR/2017/96269
1220,Bhavna Nair,NB/MP/2013/47244
1221,Aakash Gupta,NB/KL/2011/64944
1222,Vikram Khan,NB/KAR/2023/20747
1223,Pooja Kapoor,NB/OR/2014/96241
1224,Simran Das,NB/JH/2017/41678
1225,Sneha Mehta,NB/KL/2021/90793
1226,Sameer Kulkarni,NB/MP/2014/72788
1227,Ishaan Rajput,NB/TN/2014/94624
1228,Kiran Mehta,NB/TR/2015/31813
1229,Sunita Ghosh,NB/BR/2021/19691
1230,Siddharth Menon,NB/OR/2016/18034
1231,Renu Pandey,NB/CG/2015/64576
1232,Ajay Lal,NB/UP/2016/27300
1233,Deepak Saxena,NB/OR/2021/26159
1234,Sameer Lal,NB/DL/2014/43307
1235,Priya Mehta,NB/MAH/2018/84097
1236,Ritika Pillai,NB/WB/2015/10140
1237,Ajay Chopra,NB/UK/2018/52134
1238,Siddhi Dubey,NB/G/2019/52423
1239,Anand Singh,NB/G/2013/39810
1240,Bhavna Chaudhary,NB/CG/2019/46672
1241,Asha Iyer,NB/MP/2014/93778
1242,Sanjay Pandey,NB/HP/2015/61053
1243,Priya Pillai,NB/TR/2017/42034
1244,Suman Agarwal,NB/DL/2018/67841
1245,Tanvi Patel,NB/BCT/2021/74998
1246,Anupam Kulkarni,NB/AP/2015/13282
1247,Ravi Reddy,NB/MN/2017/26309
1248,Meera Rao,NB/OR/2016/86236
1249,Amit Mishra,NB/MN/2021/85305
1250,Bhavna Basu,NB/OR/2023/75101
1251,Kavita Sharma,NB/OR/2013/85916
1252,Asha Iyer,NB/MAH/2024/94673
1253,Jyoti Patel,NB/KAR/2010/20921
1254,Vikas Sethi,NB/OR/2021/76710
1255,Shivani Saxena,NB/HP/2021/66451
1256,Rajesh Chopra,NB/WB/2019/86155
1257,Rekha Nair,NB/KAR/2014/81859
1258,Manoj Rao,NB/CG/2014/30171
1259,Pooja Saxena,NB/UK/2010/75287
1260,Ayesha Menon,NB/OR/2022/59528
1261,Rashmi Yadav,NB/MN/2023/70563
1262,Anirudh Reddy,NB/KAR/2005/11368
1263,Ishaan Bhagat,NB/JH/2014/37996
1264,Tanvi Gupta,NB/UK/2016/38286
1265,Sneha Kadam,NB/OR/2010/63890
1266,Sameer Sharma,NB/UK/2011/41171
1267,Neha Chaudhary,NB/TN/2016/22255
1268,Deepak Shetty,NB/RJ/2016/47352
1269,Asha Kaul,NB/TN/2023/92424
1270,Pratik Singh,NB/AP/2011/75365
1271,Asha Saxena,NB/UK/2013/33913
1272,Ajay Mishra,NB/CG/2017/16612
1273,Ritika Iyer,NB/G/2017/88839
1274,Ayesha Thakur,NB/DL/2017/54305
1275,Dinesh Saxena,NB/KAR/2022/93033
1276,Ishaan Gupta,NB/WB/2016/36805
1277,Shivani Singh,NB/TR/2016/96081
1278,Sameer Verma,NB/OR/2014/16179
1279,Jyoti Rajput,NB/UP/2019/82696
1280,Swati Agarwal,NB/DL/2017/39423
1281,Abhishek Ghosh,NB/MAH/2014/34992
1282,Suresh Verma,NB/G/2012/14827
1283,Neha Menon,NB/DL/2019/74546
1284,Sameer Bhagat,NB/BCT/2009/57347
1285,Rajesh Khan,NB/JH/2024/73177
1286,Kavita Chopra,NB/OR/2019/48684
1287,Deepak Pillai,NB/CG/2022/35178
1288,Meera Kulkarni,NB/DL/2014/65920
1289,Vishal Bhagat,NB/MP/2009/82392
1290,Kiran Yadav,NB/TN/2011/60981
1291,Kunal Das,NB/CG/2019/50066
1292,Suresh Patel,NB/KL/2009/18448
1293,Ajay Pandey,NB/MG/2014/41650
1294,Neha Rao,NB/TN/2013/27149
1295,Suresh Pandey,NB/DL/2012/42570
1296,Anjali Dubey,NB/UK/2011/61240
1297,Arjun Bhat,NB/UP/2014/49964
1298,Deepak Mishra,NB/BR/2013/80997
1299,Anand Iyer,NB/BR/2011/96051
1300,Asha Ghosh,NB/KL/2012/22134
1301,Anand Menon,NB/DL/2012/95112
1302,Sameer Pandey,NB/KAR/2015/62235
1303,Abhishek Dubey,NB/TS/2022/93611
1304,Manoj Khan,NB/UP/2010/58712
1305,Ravi Sharma,NB/KL/2018/86803
1306,Simran Pandey,NB/UK/2016/88046
1307,Siddharth Iyer,NB/KAR/2015/72212
1308,Meera Pandey,NB/DL/2019/79307
1309,Naveen Shetty,NB/KL/2012/84150
1310,Ishaan Shetty,NB/AP/2023/77619
1311,Meera Verma,NB/OR/2011/71836
1312,Ravi Agarwal,NB/MG/2014/52158
1313,Jyoti Saxena,NB/TS/2022/70510
1314,Harish Singh,NB/CG/2023/20915
1315,Sanjay Gupta,NB/MP/2014/38424
1316,Siddharth Kapoor,NB/BR/2012/62609
1317,Tanvi Nair,NB/G/2019/28257
1318,Swati Das,NB/UK/2015/64622
1319,Simran Kaul,NB/MAH/2023/96895
1320,Anirudh Chopra,NB/KAR/2009/52206
1321,Priya Reddy,NB/DL/2010/37104
1322,Simran Khan,NB/HP/2019/89103
1323,Bhavna Pillai,NB/MN/2016/39541
1324,Kiran Shetty,NB/TN/2019/58594
1325,Aakash Kaul,NB/UP/2021/96669
1326,Arjun Rajput,NB/BCT/2023/75572
1327,Simran Lal,NB/MG/2022/78321
1328,Asha Pillai,NB/BCT/2015/44029
1329,Pratik Kaul,NB/MN/2014/24629
1330,Suresh Shetty,NB/KL/2014/46323
1331,Divya Sethi,NB/MAH/2016/27047
1332,Ishaan Bhagat,NB/UK/2022/13386
1333,Anupam Lal,NB/TS/2019/78607
1334,Harish Verma,NB/MN/2010/38528
1335,Anand Sethi,NB/MP/2009/50109
1336,Tanvi Rao,NB/JH/2016/89499
1337,Renu Dubey,NB/TN/2016/56075
1338,Harish Chopra,NB/OR/2022/77862
1339,Suresh Thakur,NB/RJ/2016/55936
1340,Sameer Nair,NB/CG/2019/18182
1341,Bhavna Nair,NB/BCT/2013/72068
1342,Ajay Kaul,NB/UK/2022/29022
1343,Amit Verma,NB/MP/2023/69295
1344,Tanvi Mishra,NB/MN/2012/64079
1345,Jyoti Ghosh,NB/OR/2022/56241
1346,Harish Bhat,NB/WB/1999/91849
1347,Pooja Gupta,NB/KAR/2012/41761
1348,Asha Khan,NB/RJ/2012/58639
1349,Sunita Patel,NB/WB/2015/47108
1350,Renu Khan,NB/RJ/2016/39296
1351,Swati Kaul,NB/MP/2011/34430
1352,Sameer Saxena,NB/CG/2015/64464
1353,Simran Agarwal,NB/MP/2014/69183
1354,Ishaan Nair,NB/UK/2017/95714
1355,Kunal Kulkarni,NB/RJ/2019/19660
1356,Abhishek Rajput,NB/CG/2015/83356
1357,Rashmi Dubey,NB/TN/2013/56706
1358,Suman Kulkarni,NB/TR/2002/19294
1359,Rohit Nair,NB/JK/2022/42375
1360,Nikhil Gupta,NB/TN/2011/49899
1361,Siddhi Sethi,NB/WB/2016/78272
1362,Ayesha Chopra,NB/MP/2017/32950
1363,Shivani Kulkarni,NB/AP/2015/41684
1364,Vishal Iyer,NB/DL/2016/71653
1365,Siddhi Pillai,NB/RJ/2017/22172
1366,Ajay Shetty,NB/UK/2021/63826
1367,Sanjay Kulkarni,NB/TN/2016/74667
1368,Priya Kulkarni,NB/TS/2023/21346
1369,Renu Ghosh,NB/MP/2014/32300
1370,Ajay Mishra,NB/JH/2018/94713
1371,Bhavna Joshi,NB/BCT/2016/13116
1372,Priya Rao,NB/RJ/2014/40590
1373,Anjali Verma,NB/KAR/2016/35005
1374,Rashmi Agarwal,NB/OR/2021/82443
1375,Simran Das,NB/DL/2018/41151
1376,Dinesh Verma,NB/TS/2010/57903
1377,Asha Sharma,NB/JK/2019/89179
1378,Vikas Patel,NB/OR/2015/16582
1379,Ayesha Yadav,NB/MN/2017/96975
1380,Kavita Kulkarni,NB/WB/2010/45860
1381,Meera Patel,NB/JK/2022/55337
1382,Kiran Ghosh,NB/DL/2021/10697
1383,Asha Dubey,NB/JH/2009/62588
1384,Rohit Chaudhary,NB/JH/2011/49656
1385,Kunal Kulkarni,NB/BCT/2009/65355
1386,Jyoti Verma,NB/KAR/2016/15424
1387,Rohit Gupta,NB/DL/2022/31741
1388,Sanjay Thakur,NB/OR/2022/84277
1389,Siddharth Kadam,NB/RJ/2019/92033
1390,Ayesha Chaudhary,NB/HP/2012/40773
1391,Vikas Das,NB/KAR/2020/75484
1392,Rohit Singh,NB/G/2015/74564
1393,Priya Nair,NB/KAR/2015/75773
1394,Arjun Pandey,NB/HP/2013/79091
1395,Anjali Chopra,NB/TS/2015/72509
1396,Renu Khan,NB/TS/2014/35949
1397,Sunita Menon,NB/KL/2023/77994
1398,Aakash Lal,NB/DL/2007/45355
1399,Kavita Kulkarni,NB/CG/2009/96660
1400,Kiran Gupta,NB/WB/2020/27185
1401,Simran Bhat,NB/TR/2017/45601
1402,Shweta Khan,NB/JK/2023/43852
1403,Tanvi Mishra,NB/TS/2015/31151
1404,Sameer Dubey,NB/MP/2017/56663
1405,Tanvi Kaul,NB/HP/2013/85507
1406,Ishaan Bhat,NB/UK/2005/73003
1407,Asha Sharma,NB/JH/2022/88514
1408,Anirudh Kadam,NB/HP/2020/27551
1409,Deepak Lal,NB/MP/2008/25932
1410,Rashmi Thakur,NB/WB/2016/41689
1411,Priya Basu,NB/BR/2010/98237
1412,Abhishek Kaul,NB/JK/2017/94984
1413,Siddharth Sharma,NB/JH/2014/57436
1414,Ajay Patel,NB/UP/2016/78151
1415,Anupam Gupta,NB/TS/2009/30300
1416,Asha Chopra,NB/DL/2021/45387
1417,Divya Yadav,NB/MP/2019/55220
1418,Naveen Patel,NB/UP/2011/90515
1419,Vikram Kadam,NB/OR/2012/47840
1420,Shweta Shetty,NB/UP/2010/56082
1421,Suresh Bhagat,NB/HP/2014/16238
1422,Abhishek Joshi,NB/MAH/2009/59673
1423,Neha Chaudhary,NB/MAH/2019/60923
1424,Vishal Saxena,NB/OR/2023/53773
1425,Rashmi Kaul,NB/JK/2016/53043
1426,Shivani Patel,NB/RJ/2008/27599
1427,Divya Dubey,NB/KAR/2018/46683
1428,Renu Saxena,NB/TS/2024/32384
1429,Vikram Mehta,NB/G/2004/59476
1430,Anand Thakur,NB/KL/2014/22062
1431,Tanvi Iyer,NB/MG/2014/53420
1432,Ishaan Agarwal,NB/G/2023/65396
1433,Sneha Das,NB/MG/2021/32321
1434,Priya Lal,NB/HP/2021/31499
1435,Naveen Agarwal,NB/KL/2016/13303
1436,Shweta Kaul,NB/MAH/2010/76948
1437,Suresh Kaul,NB/WB/2014/61965
1438,Divya Rao,NB/JH/2022/57122
1439,Harish Lal,NB/TS/2018/12555
1440,Ayesha Shetty,NB/JK/2023/79764
1441,Aakash Saxena,NB/MAH/2019/14354
1442,Kiran Kaul,NB/UK/2012/21445
1443,Swati Agarwal,NB/MN/2016/44339
1444,Arjun Patel,NB/AP/2017/98345
1445,Jyoti Verma,NB/AP/2013/73455
1446,Arjun Pillai,NB/G/2014/20492
1447,Sneha Joshi,NB/UK/2017/17189
1448,Ayesha Das,NB/DL/2014/89008
1449,Anjali Mishra,NB/BCT/2018/31829
1450,Rekha Verma,NB/RJ/2017/20898
1451,Rekha Basu,NB/OR/2019/35626
1452,Rohit Basu,NB/RJ/2014/56516
1453,Renu Kulkarni,NB/OR/2011/28694
1454,Anita Reddy,NB/G/2009/29566
1455,Arjun Bhat,NB/MAH/2018/85144
1456,Jyoti Yadav,NB/DL/2023/82267
1457,Naveen Mishra,NB/MP/2023/51987
1458,Amit Chaudhary,NB/KAR/2003/48281
1459,Shivani Pandey,NB/BR/2018/89605
1460,Aakash Menon,NB/TR/2009/71558
1461,Ishaan Kulkarni,NB/JH/2012/68421
1462,Shweta Mehta,NB/TN/2017/66616
1463,Kavita Rajput,NB/JH/2024/86655
1464,Siddharth Gupta,NB/KAR/2016/55866
1465,Aakash Basu,NB/KL/2011/22189
1466,Vikram Iyer,NB/OR/2022/90830
1467,Kavita Joshi,NB/HP/2011/56948
1468,Ravi Sharma,NB/KL/2020/30371
1469,Sneha Agarwal,NB/OR/2016/61420
1470,Pooja Kulkarni,NB/UP/2024/81698
1471,Pooja Menon,NB/MP/2014/74701
1472,Vikas Ghosh,NB/JK/2011/19243
1473,Shivani Joshi,NB/MN/2023/28186
1474,Pooja Basu,NB/AP/2016/62851
1475,Abhishek Rao,NB/MP/2016/16240
1476,Simran Dubey,NB/HP/2019/75465
1477,Ishaan Joshi,NB/OR/2023/76037
1478,Deepak Singh,NB/OR/2017/53719
1479,Siddharth Ghosh,NB/AP/2012/82410
1480,Asha Basu,NB/DL/2015/27922
1481,Dinesh Chopra,NB/MN/2024/83599
1482,Nikhil Joshi,NB/CG/2011/62056
1483,Amit Nair,NB/DL/2015/60721
1484,Siddhi Yadav,NB/AP/2022/36880
1485,Anita Kadam,NB/OR/2013/35443
1486,Kiran Rao,NB/OR/2023/18924
1487,Jyoti Dubey,NB/MN/2024/39723
1488,Dinesh Khan,NB/KAR/2015/80216
1489,Manoj Khan,NB/JK/2018/81162
1490,Anand Singh,NB/JH/2023/27457
1491,Shweta Gupta,NB/OR/2019/40409
1492,Ayesha Sethi,NB/KL/2013/22734
1493,Ritika Basu,NB/AP/2015/48312
1494,Asha Das,NB/HP/2010/63427
1495,Ajay Khan,NB/WB/2014/16573
1496,Harish Chaudhary,NB/OR/2014/16995
1497,Simran Nair,NB/G/2021/67485
1498,Naveen Gupta,NB/BR/2023/19294
1499,Kunal Ghosh,NB/DL/2012/96460
1500,Anjali Singh,NB/OR/2011/34375
1501,Harish Dubey,NB/BCT/2012/55205
1502,Sneha Saxena,NB/JK/2022/46176
1503,Rajesh Mehta,NB/BR/2021/58514
1504,Deepak Iyer,NB/G/2015/93585
1505,Ishaan Bhagat,NB/MP/2015/39817
1506,Naveen Reddy,NB/JK/2022/80429
1507,Neha Joshi,NB/TN/2014/21984
1508,Sanjay Reddy,NB/UP/2024/49525
1509,Simran Kaul,NB/WB/2022/99571
1510,Asha Pillai,NB/UK/2013/57795
1511,Bhavna Chopra,NB/MG/2016/59316
1512,Bhavna Iyer,NB/G/2019/48145
1513,Anand Kapoor,NB/OR/2023/50385
1514,Simran Chaudhary,NB/UK/2009/45410
1515,Anirudh Menon,NB/HP/2010/45666
1516,Nikhil Pandey,NB/KAR/2017/33695
1517,Rekha Bhagat,NB/HP/2021/52287
1518,Anirudh Saxena,NB/CG/2016/67184
1519,Anand Agarwal,NB/KAR/2003/87666
1520,Nikhil Ghosh,NB/BCT/2016/97553
1521,Anirudh Das,NB/BCT/2021/51567
1522,Rashmi Lal,NB/TR/2011/19927
1523,Vishal Thakur,NB/MN/2015/55611
1524,Bhavna Bhat,NB/BR/2016/31455
1525,Swati Khan,NB/MN/2019/18028
1526,Renu Dubey,NB/KL/2019/20416
1527,Kiran Dubey,NB/MN/1999/24263
1528,Shivani Iyer,NB/G/2008/23042
1529,Tanvi Joshi,NB/KAR/2019/55906
1530,Renu Kadam,NB/UK/2022/59436
1531,Meera Gupta,NB/RJ/2013/27809
1532,Harish Iyer,NB/BCT/2010/36287
1533,Swati Dubey,NB/TN/2021/59267
1534,Rajesh Kulkarni,NB/MN/2014/48764
1535,Amit Khan,NB/TN/2010/16414
1536,Rohit Yadav,NB/BCT/2016/17032
1537,Ayesha Pillai,NB/TS/2023/49124
1538,Rajesh Pandey,NB/MN/2023/69967
1539,Sneha Pandey,NB/WB/2016/58233
1540,Simran Gupta,NB/MAH/2022/56831
1541,Siddharth Pillai,NB/G/2013/58279
1542,Bhavna Chaudhary,NB/MP/2010/40262
1543,Vikas Kadam,NB/OR/2014/35144
1544,Nikhil Iyer,NB/HP/2012/89842
1545,Shivani Chaudhary,NB/WB/2017/75412
1546,Meera Ghosh,NB/RJ/2014/22480
1547,Swati Basu,NB/KAR/2014/53317
1548,Ravi Chaudhary,NB/MAH/2019/98178
1549,Sanjay Khan,NB/OR/2019/12971
1550,Priya Kadam,NB/BR/2009/34156
1551,Ravi Basu,NB/HP/2019/71561
1552,Anirudh Lal,NB/MAH/2022/17226
1553,Tanvi Khan,NB/G/2017/79439
1554,Kavita Pillai,NB/UP/2013/81826
1555,Nikhil Saxena,NB/WB/2019/99060
1556,Asha Yadav,NB/KAR/2019/25980
1557,Anirudh Singh,NB/TS/2022/35471
1558,Naveen Pillai,NB/BR/2022/65221
1559,Anita Kadam,NB/BCT/2012/20982
1560,Vikas Rajput,NB/MN/2016/26490
1561,Divya Khan,NB/MAH/2019/41576
1562,Renu Chopra,NB/TS/2021/74635
1563,Vikram Bhagat,NB/MAH/2023/80596
1564,Vikas Agarwal,NB/TS/2013/16671
1565,Asha Rao,NB/UK/2016/98228
1566,Pratik Bhat,NB/TR/2014/48707
1567,Rohit Joshi,NB/MAH/2014/21740
1568,Aakash Bhagat,NB/MAH/2022/89204
1569,Vikas Dubey,NB/BCT/2019/32286
1570,Rekha Das,NB/TN/2011/41302
1571,Aakash Singh,NB/AP/2014/63937
1572,Nikhil Saxena,NB/MN/2022/86421
1573,Sameer Pillai,NB/DL/2015/45337
1574,Vikram Shetty,NB/MN/2019/71233
1575,Neha Thakur,NB/MAH/2016/22775
1576,Vishal Joshi,NB/G/2016/96052
1577,Ayesha Lal,NB/RJ/2009/39311
1578,Suman Pillai,NB/UP/2023/39565
1579,Sunita Menon,NB/AP/2014/11209
1580,Priya Mishra,NB/BCT/2015/24757
1581,Sameer Joshi,NB/UP/2020/39897
1582,Deepak Verma,NB/MAH/2019/94682
1583,Sanjay Menon,NB/UP/2018/85679
1584,Simran Agarwal,NB/DL/2016/59752
1585,Tanvi Pandey,NB/TN/2024/95644
1586,Tanvi Shetty,NB/MN/2015/38363
1587,Kavita Yadav,NB/MAH/2016/54160
1588,Manoj Ghosh,NB/DL/2011/27696
1589,Anirudh Chopra,NB/MG/2012/61833
1590,Rohit Pillai,NB/UK/2018/98739
1591,Neha Verma,NB/BR/2024/30632
1592,Shweta Sharma,NB/MG/2023/19459
1593,Neha Ghosh,NB/JH/2017/50128
1594,Kavita Pandey,NB/MAH/2014/45994
1595,Priya Basu,NB/MG/2006/42397
1596,Tanvi Agarwal,NB/AP/2017/49490
1597,Anirudh Kulkarni,NB/OR/2018/16404
1598,Anand Khan,NB/HP/2013/19348
1599,Anita Khan,NB/UP/2019/84878
1600,Tanvi Thakur,NB/AP/2016/40176
1601,Kavita Bhat,NB/OR/2023/48891
1602,Kiran Dubey,NB/MG/2018/77941
1603,Asha Singh,NB/JH/2006/66534
1604,Aakash Joshi,NB/G/2018/15620
1605,Meera Lal,NB/OR/2021/85892
1606,Meera Agarwal,NB/KAR/2019/13239
1607,Swati Basu,NB/AP/2018/83189
1608,Jyoti Dubey,NB/JK/2012/31326
1609,Ayesha Kulkarni,NB/TN/2014/14634
1610,Pratik Mehta,NB/MAH/2012/11812
1611,Tanvi Kapoor,NB/MAH/2019/50330
1612,Sanjay Patel,NB/UK/2005/56599
1613,Vikas Thakur,NB/TR/2013/40789
1614,Rashmi Chopra,NB/OR/2010/99961
1615,Siddhi Sharma,NB/KAR/2019/71539
1616,Kiran Bhat,NB/TN/2004/42858
1617,Anita Shetty,NB/OR/2018/99623
1618,Arjun Khan,NB/JH/2014/83371
1619,Anita Thakur,NB/UK/2015/21213
1620,Rashmi Sharma,NB/BCT/2019/86658
1621,Anupam Shetty,NB/MN/2021/59937
1622,Siddhi Ghosh,NB/TR/2021/53153
1623,Harish Kaul,NB/MP/2015/64946
1624,Kavita Mehta,NB/KL/2011/61069
1625,Arjun Das,NB/BCT/1999/19997
1626,Asha Shetty,NB/MG/2013/63102
1627,Kunal Shetty,NB/AP/2013/35782
1628,Renu Basu,NB/KL/2015/54404
1629,Anupam Ghosh,NB/TR/2017/58106
1630,Siddhi Pandey,NB/TN/2023/14780
1631,Neha Mishra,NB/MG/2007/12115
1632,Siddhi Chopra,NB/AP/2024/87212
1633,Ayesha Thakur,NB/KAR/2015/17043
1634,Sameer Nair,NB/OR/2018/46592
1635,Shweta Kaul,NB/UP/2012/84276
1636,Ravi Das,NB/JH/2023/72371
1637,Dinesh Kadam,NB/WB/2018/98811
1638,Renu Bhat,NB/KL/2019/44818
1639,Ishaan Chaudhary,NB/TN/2015/64553
1640,Neha Agarwal,NB/MAH/2013/41665
1641,Vikram Saxena,NB/RJ/2014/91156
1642,Sunita Sethi,NB/OR/2012/44092
1643,Vishal Das,NB/MN/2019/27792
1644,Rekha Singh,NB/MAH/2013/73125
1645,Pratik Lal,NB/MG/2014/84747
1646,Shweta Reddy,NB/AP/2015/51466
1647,Siddhi Mehta,NB/MP/2018/88608
1648,Sameer Kaul,NB/HP/2022/94667
1649,Sameer Singh,NB/OR/2016/98007
1650,Divya Joshi,NB/TR/2012/69991
1651,Jyoti Mehta,NB/MAH/2024/95353
1652,Anirudh Joshi,NB/TS/2020/88837
1653,Shivani Kaul,NB/G/2022/36563
1654,Aakash Thakur,NB/KL/2011/32095
1655,Anupam Singh,NB/DL/2024/57403
1656,Siddharth Menon,NB/TS/2013/87809
1657,Anand Sharma,NB/DL/2014/18931
1658,Pratik Das,NB/OR/2019/88792
1659,Harish Reddy,NB/KL/2014/32569
1660,Ajay Ghosh,NB/OR/2016/48269
1661,Anjali Shetty,NB/HP/2018/30960
1662,Divya Bhagat,NB/WB/2014/15924
1663,Rashmi Agarwal,NB/KL/2009/21444
1664,Neha Kulkarni,NB/JH/2016/18799
1665,Vikram Saxena,NB/UP/2017/23095
1666,Sunita Mehta,NB/RJ/2006/44372
1667,Vikas Basu,NB/UK/2011/85734
1668,Aakash Thakur,NB/MP/2016/14629
1669,Asha Pandey,NB/JK/2021/72453
1670,Siddhi Joshi,NB/KAR/2013/35492
1671,Sneha Kapoor,NB/WB/2014/60511
1672,Neha Kapoor,NB/CG/2009/83906
1673,Ayesha Kadam,NB/BR/2014/75386
1674,Kunal Kaul,NB/JH/2013/24654
1675,Kunal Pillai,NB/TR/2018/99646
1676,Amit Nair,NB/UP/2016/27238
1677,Rohit Pillai,NB/UK/2023/77166
1678,Jyoti Bhat,NB/MP/2010/41761
1679,Ajay Yadav,NB/WB/2023/26329
1680,Kunal Singh,NB/DL/2016/98236
1681,Naveen Iyer,NB/MG/2023/95548
1682,Renu Mehta,NB/HP/2012/51332
1683,Sanjay Lal,NB/UK/2012/11933
1684,Sanjay Rajput,NB/MN/2010/60855
1685,Meera Kapoor,NB/TS/2012/74380
1686,Bhavna Pillai,NB/CG/2009/45273
1687,Anupam Thakur,NB/OR/2019/94631
1688,Rajesh Chopra,NB/AP/2019/76781
1689,Sanjay Reddy,NB/BCT/2017/69879
1690,Kiran Agarwal,NB/WB/2020/48420
1691,Pratik Thakur,NB/JK/2009/57564
1692,Vishal Nair,NB/WB/2016/36154
1693,Ritika Pandey,NB/UP/2012/40596
1694,Siddhi Thakur,NB/HP/2009/61873
1695,Dinesh Chaudhary,NB/AP/2012/29738
1696,Pooja Pillai,NB/MN/2022/19344
1697,Amit Thakur,NB/BR/2018/54483
1698,Pooja Iyer,NB/DL/2019/25543
1699,Suresh Pandey,NB/AP/2018/64646
1700,Simran Nair,NB/MG/2023/87067
1701,Rashmi Dubey,NB/G/2019/79104
1702,Anirudh Rao,NB/MG/2019/97786
1703,Anita Saxena,NB/MN/2017/94623
1704,Kiran Shetty,NB/MAH/2015/47688
1705,Divya Singh,NB/MN/2014/58912
1706,Ajay Kapoor,NB/MG/2013/61740
1707,Amit Sethi,NB/MG/2014/28786
1708,Kiran Patel,NB/BR/2016/38184
1709,Siddhi Singh,NB/AP/2012/30805
1710,Abhishek Shetty,NB/DL/2015/41230
1711,Suresh Saxena,NB/MP/2023/94602
1712,Abhishek Nair,NB/CG/2011/92306
1713,Abhishek Saxena,NB/OR/2015/55831
1714,Tanvi Mehta,NB/WB/2016/96359
1715,Pooja Rao,NB/BR/2023/11107
1716,Shivani Shetty,NB/MAH/2022/35351
1717,Aakash Chaudhary,NB/MP/2013/41934
1718,Ajay Das,NB/UP/2024/84888
1719,Vikram Saxena,NB/KL/2016/91859
1720,Rohit Mehta,NB/BCT/2016/54495
1721,Siddharth Khan,NB/RJ/2009/34427
1722,Rekha Bhagat,NB/TN/2012/92136
1723,Suman Rao,NB/TR/2018/31398
1724,Shweta Lal,NB/UP/2011/82252
1725,Priya Yadav,NB/MN/2016/73300
1726,Tanvi Agarwal,NB/DL/2016/71397
1727,Kunal Sharma,NB/MG/2014/57067
1728,Naveen Singh,NB/KL/2016/86769
1729,Arjun Mishra,NB/HP/2012/20550
1730,Divya Basu,NB/OR/2014/11303
1731,Simran Agarwal,NB/DL/2012/41454
1732,Ravi Patel,NB/MAH/2000/91367
1733,Ravi Basu,NB/BCT/2016/40155
1734,Ravi Patel,NB/DL/2018/42329
1735,Rashmi Thakur,NB/G/2005/39173
1736,Sameer Verma,NB/TR/2010/46169
1737,Dinesh Sharma,NB/KL/2012/49435
1738,Pratik Mehta,NB/OR/2019/18152
1739,Rekha Reddy,NB/RJ/2005/30675
1740,Naveen Patel,NB/BCT/2021/44797
1741,Pratik Pandey,NB/MAH/2022/96352
1742,Ishaan Nair,NB/MG/2023/70096
1743,Rajesh Verma,NB/CG/2015/51064
1744,Arjun Kapoor,NB/BR/2011/54786
1745,Meera Iyer,NB/OR/2016/51883
1746,Neha Saxena,NB/JH/2015/67978
1747,Siddhi Khan,NB/MAH/2009/44615
1748,Amit Ghosh,NB/JK/2018/59241
1749,Dinesh Verma,NB/JK/2016/86844
1750,Kiran Kadam,NB/BCT/2018/56962
1751,Suman Patel,NB/G/2015/17257
1752,Sunita Kaul,NB/UK/2000/90855
1753,Bhavna Yadav,NB/G/2014/17332
1754,Bhavna Sharma,NB/KAR/2009/90065
1755,Anand Rao,NB/AP/2010/37329
1756,Abhishek Khan,NB/G/2021/35045
1757,Rashmi Saxena,NB/TR/2022/15025
1758,Vishal Menon,NB/UK/2016/72409
1759,Aakash Menon,NB/JK/2023/65853
1760,Siddharth Mishra,NB/OR/2024/27783
1761,Aakash Das,NB/OR/2018/83977
1762,Pooja Das,NB/BR/2017/12744
1763,Bhavna Thakur,NB/JK/1999/19974
1764,Vishal Rajput,NB/OR/2021/85613
1765,Amit Pandey,NB/TS/2009/22658
1766,Bhavna Iyer,NB/TR/2012/88594
1767,Dinesh Reddy,NB/UK/2016/89773
1768,Rajesh Menon,NB/G/2017/30223
1769,Kunal Reddy,NB/KL/2024/91234
1770,Kiran Nair,NB/BCT/2014/89846
1771,Kunal Dubey,NB/MP/2019/19201
1772,Dinesh Nair,NB/JH/2009/97147
1773,Dinesh Bhat,NB/BCT/2020/90086
1774,Anita Kulkarni,NB/OR/2022/43473
1775,Bhavna Kaul,NB/UP/2019/47430
1776,Vishal Rao,NB/WB/2010/75778
1777,Anita Joshi,NB/BCT/2019/21476
1778,Rohit Das,NB/OR/2014/37581
1779,Vikas Kadam,NB/MG/2024/53004
1780,Swati Khan,NB/MAH/2015/31385
1781,Kiran Patel,NB/RJ/2017/89350
1782,Sneha Dubey,NB/TS/2013/97907
1783,Aakash Rajput,NB/TR/2022/79165
1784,Harish Joshi,NB/MP/2016/80552
1785,Amit Verma,NB/MN/2022/10591
1786,Siddharth Rao,NB/MN/2014/46149
1787,Siddharth Dubey,NB/WB/2009/71851
1788,Divya Gupta,NB/JH/2009/59401
1789,Shweta Pandey,NB/OR/2016/69272
1790,Simran Singh,NB/RJ/2017/96061
1791,Anupam Kulkarni,NB/WB/2022/25185
1792,Neha Ghosh,NB/TR/2014/64509
1793,Divya Chaudhary,NB/UK/2019/31454
1794,Sameer Shetty,NB/BCT/2023/48289
1795,Kunal Verma,NB/RJ/2019/22723
1796,Sneha Pandey,NB/MG/2016/54606
1797,Anand Kapoor,NB/JH/2016/61680
1798,Abhishek Dubey,NB/BR/2022/75115
1799,Simran Chopra,NB/BCT/2015/65267
1800,Sunita Sharma,NB/TN/2023/61598
1801,Abhishek Joshi,NB/CG/2023/92846
1802,Aakash Verma,NB/KL/2012/81292
1803,Siddhi Das,NB/JK/2022/49098
1804,Siddharth Sethi,NB/KAR/2014/73940
1805,Arjun Shetty,NB/BR/2014/17550
1806,Abhishek Pandey,NB/DL/2020/81121
1807,Anirudh Dubey,NB/MG/2002/94567
1808,Siddharth Kadam,NB/TR/2021/26589
1809,Jyoti Bhat,NB/JH/2013/40499
1810,Kavita Gupta,NB/CG/2018/19560
1811,Rashmi Thakur,NB/UK/2018/29078
1812,Abhishek Kadam,NB/MAH/2019/40816
1813,Arjun Joshi,NB/MAH/2022/87908
1814,Harish Dubey,NB/G/2023/47293
1815,Rashmi Menon,NB/WB/2014/71830
1816,Arjun Rajput,NB/AP/2013/39422
1817,Rekha Patel,NB/RJ/2013/97291
1818,Nikhil Bhat,NB/G/2021/32684
1819,Asha Lal,NB/BCT/2014/48171
1820,Shivani Saxena,NB/CG/2007/86556
1821,Shivani Pillai,NB/TR/2021/64201
1822,Asha Kulkarni,NB/G/2014/74867
1823,Sanjay Shetty,NB/MN/2015/86649
1824,Priya Chaudhary,NB/MN/2020/84772
1825,Bhavna Bhagat,NB/KL/2009/86875
1826,Aakash Kaul,NB/KL/2010/15900
1827,Manoj Singh,NB/JH/2010/57463
1828,Sneha Khan,NB/OR/2019/36193
1829,Jyoti Rajput,NB/KAR/2021/60864
1830,Ishaan Singh,NB/JH/2023/53772
1831,Divya Thakur,NB/RJ/2010/75223
1832,Kunal Sethi,NB/TS/2018/20790
1833,Arjun Verma,NB/TN/2013/48691
1834,Shivani Menon,NB/HP/2017/89851
1835,Dinesh Menon,NB/OR/2016/23926
1836,Priya Basu,NB/CG/2002/74822
1837,Divya Pandey,NB/AP/2015/26783
1838,Ritika Kadam,NB/BR/2017/73279
1839,Sneha Rao,NB/UP/2023/40111
1840,Pooja Rajput,NB/DL/2015/56387
1841,Kiran Basu,NB/OR/2012/42348
1842,Meera Chaudhary,NB/UK/2012/43460
1843,Anand Joshi,NB/DL/2023/97893
1844,Rashmi Pillai,NB/MN/2012/71336
1845,Kunal Reddy,NB/KAR/2010/33768
1846,Pratik Sharma,NB/MP/2012/23498
1847,Tanvi Dubey,NB/MN/2023/91964
1848,Suman Mehta,NB/HP/2015/63929
1849,Abhishek Lal,NB/TR/2019/56925
1850,Anita Das,NB/JH/2022/50941
1851,Rajesh Kulkarni,NB/DL/2023/71335
1852,Sanjay Rajput,NB/RJ/2011/66993
1853,Ajay Das,NB/UP/2021/77089
1854,Rekha Mishra,NB/OR/2013/90525
1855,Amit Menon,NB/TN/2013/98320
1856,Deepak Basu,NB/WB/2013/67348
1857,Kunal Reddy,NB/JK/2018/90598
1858,Rohit Shetty,NB/RJ/2023/99780
1859,Vikram Rao,NB/RJ/2021/52605
1860,Manoj Patel,NB/UP/2018/33939
1861,Nikhil Patel,NB/TN/2022/48972
1862,Anjali Khan,NB/TS/2015/11729
1863,Shweta Kadam,NB/MP/2019/37737
1864,Anjali Chopra,NB/MP/2016/48733
1865,Kavita Agarwal,NB/WB/2013/72406
1866,Rekha Chopra,NB/UK/2021/86894
1867,Sunita Iyer,NB/BR/2008/45306
1868,Vishal Basu,NB/G/2021/89363
1869,Shweta Patel,NB/OR/2018/33627
1870,Kavita Rao,NB/UK/2012/18013
1871,Harish Khan,NB/KAR/2016/87848
1872,Priya Singh,NB/OR/2018/28242
1873,Sanjay Bhagat,NB/OR/2014/64304
1874,Rajesh Khan,NB/HP/2011/32281
1875,Pooja Rao,NB/JH/2021/90134
1876,Bhavna Pandey,NB/RJ/2021/73873
1877,Amit Kadam,NB/G/2014/41948
1878,Rekha Khan,NB/MN/2016/92784
1879,Vikas Kadam,NB/OR/2011/97840
1880,Renu Bhagat,NB/G/2016/82202
1881,Abhishek Bhagat,NB/CG/2024/12804
1882,Renu Bhagat,NB/UP/2010/37556
1883,Anupam Dubey,NB/JK/2015/98530
1884,Harish Mehta,NB/KAR/2019/88013
1885,Kavita Kulkarni,NB/G/2017/86751
1886,Shweta Chopra,NB/OR/2021/45073
1887,Anjali Iyer,NB/MAH/2023/48034
1888,Vishal Kadam,NB/MN/2010/66150
1889,Shweta Dubey,NB/G/2015/54038
1890,Kavita Patel,NB/DL/2019/28334
1891,Sneha Menon,NB/KAR/2009/43035
1892,Siddhi Bhat,NB/OR/2016/75123
1893,Dinesh Rajput,NB/HP/2018/22259
1894,Pooja Yadav,NB/OR/2016/87345
1895,Bhavna Sharma,NB/JH/2019/28191
1896,Suresh Reddy,NB/UP/2023/61672
1897,Rohit Basu,NB/MAH/2020/15679
1898,Renu Mehta,NB/OR/2013/12746
1899,Rohit Chaudhary,NB/KAR/2021/65696
1900,Anupam Kulkarni,NB/TN/2012/49301
1901,Amit Yadav,NB/MAH/2018/55708
1902,Rohit Patel,NB/HP/2018/38392
1903,Meera Pillai,NB/BCT/2013/85194
1904,Kavita Bhagat,NB/BR/2016/41185
1905,Meera Chopra,NB/G/2016/65533
1906,Siddhi Yadav,NB/TS/2014/18826
1907,Jyoti Dubey,NB/KAR/2017/55448
1908,Priya Kaul,NB/MP/2016/82298
1909,Shweta Pillai,NB/MN/2015/85797
1910,Bhavna Das,NB/OR/2014/51948
1911,Divya Chopra,NB/TN/2016/97673
1912,Deepak Saxena,NB/AP/2015/36947
1913,Suman Bhagat,NB/MP/2016/46193
1914,Priya Reddy,NB/BR/2019/59634
1915,Shivani Sethi,NB/UK/2012/94334
1916,Harish Kaul,NB/CG/2019/91990
1917,Rekha Khan,NB/DL/2021/80178
1918,Vikas Sethi,NB/KAR/2016/80101
1919,Shweta Basu,NB/DL/2021/71315
1920,Rashmi Thakur,NB/OR/2017/13946
1921,Tanvi Nair,NB/WB/2022/18725
1922,Kiran Dubey,NB/G/2013/63586
1923,Kunal Saxena,NB/WB/2016/52615
1924,Ajay Singh,NB/MG/2017/54213
1925,Rekha Joshi,NB/G/2023/59333
1926,Meera Dubey,NB/UK/2018/36465
1927,Anand Joshi,NB/RJ/2017/71086
1928,Suman Patel,NB/JH/2016/77222
1929,Vishal Joshi,NB/TR/2022/39312
1930,Suresh Menon,NB/HP/2014/18667
1931,Nikhil Mehta,NB/JK/1999/43286
1932,Ritika Menon,NB/UP/2016/59678
1933,Kavita Chopra,NB/JK/2010/50767
1934,Anita Sethi,NB/TN/2023/89310
1935,Naveen Iyer,NB/AP/2009/17360
1936,Priya Iyer,NB/HP/2012/28729
1937,Naveen Joshi,NB/JH/2016/24109
1938,Anand Kaul,NB/MG/2000/92628
1939,Pooja Singh,NB/TS/2015/24094
1940,Divya Lal,NB/G/2019/86059
1941,Siddhi Basu,NB/G/2014/38479
1942,Shweta Menon,NB/OR/2024/91207
1943,Priya Kapoor,NB/BR/2019/97159
1944,Anita Agarwal,NB/CG/2021/42540
1945,Nikhil Gupta,NB/OR/2014/73880
1946,Kiran Chopra,NB/AP/2019/37456
1947,Harish Pandey,NB/MP/2016/71724
1948,Neha Nair,NB/KL/2012/53627
1949,Anand Verma,NB/MN/2012/14119
1950,Nikhil Patel,NB/HP/2015/98094
1951,Swati Pillai,NB/UP/2018/71500
1952,Sunita Rajput,NB/TN/2020/61100
1953,Priya Kaul,NB/DL/2019/86346
1954,Jyoti Das,NB/KL/2019/45238
1955,Suman Chopra,NB/BR/2015/79807
1956,Siddharth Iyer,NB/MAH/2019/64735
1957,Ajay Nair,NB/HP/2019/65954
1958,Ritika Iyer,NB/TR/2018/94719
1959,Suresh Chaudhary,NB/KL/2023/37209
1960,Rashmi Lal,NB/BR/2016/60832
1961,Anjali Chaudhary,NB/DL/2010/29062
1962,Nikhil Verma,NB/JK/2016/18731
1963,Priya Kadam,NB/MG/2015/14916
1964,Rashmi Sethi,NB/OR/2017/36323
1965,Shivani Sharma,NB/TN/2015/64674
1966,Vikram Verma,NB/MN/2017/59088
1967,Anirudh Kapoor,NB/BCT/2016/93070
1968,Rekha Lal,NB/DL/2022/72468
1969,Anand Nair,NB/MG/2005/74752
1970,Sunita Pandey,NB/MN/2014/51540
1971,Suresh Kapoor,NB/BR/2019/77400
1972,Ishaan Iyer,NB/UP/2017/37611
1973,Rohit Shetty,NB/OR/2011/88689
1974,Jyoti Rao,NB/BCT/2009/64361
1975,Anjali Agarwal,NB/TS/2010/20393
1976,Anjali Yadav,NB/UP/2018/71676
1977,Anupam Reddy,NB/RJ/2016/50154
1978,Aakash Shetty,NB/UK/2013/44797
1979,Dinesh Rao,NB/OR/2006/67234
1980,Bhavna Ghosh,NB/MP/2020/90085
1981,Siddharth Agarwal,NB/G/2012/96912
1982,Bhavna Joshi,NB/TN/2010/97319
1983,Vishal Iyer,NB/WB/2020/20116
1984,Rohit Sharma,NB/HP/2017/72701
1985,Rajesh Saxena,NB/JH/2022/31906
1986,Arjun Dubey,NB/WB/2015/86834
1987,Neha Shetty,NB/MN/2021/30613
1988,Suresh Dubey,NB/JK/2013/72938
1989,Naveen Iyer,NB/OR/2012/64912
1990,Meera Pandey,NB/MG/2024/91762
1991,Manoj Verma,NB/WB/2016/68716
1992,Rekha Nair,NB/BR/2022/35955
1993,Renu Gupta,NB/WB/2009/51864
1994,Shivani Basu,NB/BCT/2023/49937
1995,Vikram Sethi,NB/MG/2021/60892
1996,Renu Sethi,NB/OR/2021/82976
1997,Rashmi Lal,NB/MN/2020/95064
1998,Ayesha Agarwal,NB/DL/2010/49053
1999,Suresh Yadav,NB/OR/2007/36209
2000,Priya Basu,NB/MP/2022/95273